gld_bro_id,kind,lon,lat,screen_depth_below_ground_m,first_date,last_date,n_observations,file
GLD000000002032,fully_assessed,5.21499643,52.15830091,3.12,1996-07-03,2025-05-08,41,GLD000000002032_fully_assessed.csv
GLD000000002046,fully_assessed,5.08492989,52.15908203,0.0,2014-02-08,2025-05-20,18,GLD000000002046_fully_assessed.csv
GLD000000002108,fully_assessed,5.18685967,52.07799299,0.98,1993-06-25,2025-05-20,41,GLD000000002108_fully_assessed.csv
GLD000000002123,fully_assessed,4.97676537,52.02141675,1.52,2005-10-14,2025-05-20,22,GLD000000002123_fully_assessed.csv
GLD000000002136,fully_assessed,5.0712304,52.15583743,2.0,2014-12-16,2025-05-20,22,GLD000000002136_fully_assessed.csv
GLD000000002157,fully_assessed,5.15057197,52.04105677,2.62,1998-12-04,2025-05-20,41,GLD000000002157_fully_assessed.csv
GLD000000002176,fully_assessed,5.16729335,52.06409857,0.89,1992-01-13,2025-05-20,41,GLD000000002176_fully_assessed.csv
GLD000000002199,fully_assessed,5.08443651,52.05719194,2.6,1997-05-28,2025-05-08,38,GLD000000002199_fully_assessed.csv
GLD000000002200,fully_assessed,5.09071078,52.14681003,2.45,2007-05-15,2024-03-25,10,GLD000000002200_fully_assessed.csv
GLD000000002265,fully_assessed,4.98716234,52.09543421,1.81,1972-10-13,2025-05-20,45,GLD000000002265_fully_assessed.csv
GLD000000002333,fully_assessed,5.05739921,52.15881958,0.0,2015-03-05,2024-03-25,19,GLD000000002333_fully_assessed.csv
GLD000000002346,fully_assessed,5.24925738,52.14195179,4.51,1984-05-01,2025-05-13,40,GLD000000002346_fully_assessed.csv
GLD000000002377,fully_assessed,5.15243436,52.10285334,1.5,1984-05-01,2025-05-20,42,GLD000000002377_fully_assessed.csv
GLD000000002425,fully_assessed,5.06570824,52.14953988,2.0,2013-11-21,2025-05-20,7,GLD000000002425_fully_assessed.csv
GLD000000002436,fully_assessed,5.1920928,52.04540221,2.44,1997-11-21,2025-05-20,39,GLD000000002436_fully_assessed.csv
GLD000000002478,fully_assessed,5.05739921,52.15881958,2.0,2015-03-05,2025-05-20,6,GLD000000002478_fully_assessed.csv
GLD000000002581,fully_assessed,5.19009306,52.0857551,1.44,1996-04-12,2025-05-20,10,GLD000000002581_fully_assessed.csv
GLD000000002653,fully_assessed,5.07313289,52.12841095,2.5,1979-09-13,2025-05-20,40,GLD000000002653_fully_assessed.csv
GLD000000002666,fully_assessed,5.04026492,52.15781774,1.35,2011-08-10,2025-05-20,30,GLD000000002666_fully_assessed.csv
GLD000000002825,fully_assessed,5.00584442,52.03177906,1.97,1994-02-02,2025-05-20,41,GLD000000002825_fully_assessed.csv
GLD000000013140,preliminary,4.975570449,52.146574582,1.18,2021-08-05,2025-11-17,815,GLD000000013140_preliminary.csv
GLD000000013686,preliminary,5.1074987,52.06722563,5.96,2021-04-21,2024-08-14,41,GLD000000013686_preliminary.csv
GLD000000013687,preliminary,5.11216801,52.09768818,5.11,2021-04-28,2026-06-01,61,GLD000000013687_preliminary.csv
GLD000000013688,preliminary,5.11612547,52.08763069,5.38,2021-04-28,2026-06-01,63,GLD000000013688_preliminary.csv
GLD000000013689,preliminary,5.08187907,52.10937917,1.07,2021-04-30,2026-06-01,66,GLD000000013689_preliminary.csv
GLD000000013690,preliminary,5.06016847,52.09991949,6.09,2021-04-23,2026-06-01,66,GLD000000013690_preliminary.csv
GLD000000013691,preliminary,5.12501617,52.08352614,3.02,2021-04-21,2026-06-01,64,GLD000000013691_preliminary.csv
GLD000000013692,preliminary,5.10600081,52.08744523,3.45,2021-10-08,2026-06-01,61,GLD000000013692_preliminary.csv
GLD000000013693,preliminary,5.00501097,52.09603296,0.63,2021-04-09,2026-06-01,66,GLD000000013693_preliminary.csv
GLD000000013694,preliminary,5.02297202,52.10683254,1.12,2021-04-12,2026-06-01,67,GLD000000013694_preliminary.csv
GLD000000013695,preliminary,5.08804705,52.09631606,0.92,2021-04-15,2026-06-01,68,GLD000000013695_preliminary.csv
GLD000000013696,preliminary,5.13810805,52.06602653,1.56,2021-04-19,2026-06-01,66,GLD000000013696_preliminary.csv
GLD000000013697,preliminary,5.06298963,52.09326709,1.05,2021-04-23,2026-06-01,66,GLD000000013697_preliminary.csv
GLD000000013698,preliminary,5.12893815,52.06449719,1.04,2021-04-20,2026-06-01,64,GLD000000013698_preliminary.csv
GLD000000013699,preliminary,5.14126563,52.09780529,1.62,2021-04-14,2026-06-01,66,GLD000000013699_preliminary.csv
GLD000000013700,preliminary,5.06512987,52.07703285,1.21,2021-04-13,2026-05-28,66,GLD000000013700_preliminary.csv
GLD000000013701,preliminary,5.04376408,52.08090801,4.99,2021-04-22,2026-06-01,66,GLD000000013701_preliminary.csv
GLD000000013702,preliminary,5.09633963,52.08555231,4.82,2021-04-21,2026-06-01,49,GLD000000013702_preliminary.csv
GLD000000013703,preliminary,5.16371404,52.08204902,3.11,2021-10-05,2026-06-01,60,GLD000000013703_preliminary.csv
GLD000000013704,preliminary,5.07872573,52.12550997,5.38,2021-04-26,2026-06-01,66,GLD000000013704_preliminary.csv
GLD000000013705,preliminary,5.04169657,52.09739514,5.1,2021-04-23,2026-06-01,63,GLD000000013705_preliminary.csv
GLD000000013706,preliminary,5.01397329,52.0802714,1.13,2021-04-12,2026-06-01,66,GLD000000013706_preliminary.csv
GLD000000013707,preliminary,5.17680466,52.08201108,5.24,2021-04-20,2026-06-01,62,GLD000000013707_preliminary.csv
GLD000000013708,preliminary,5.08603824,52.07051639,3.99,2021-04-29,2026-06-01,66,GLD000000013708_preliminary.csv
GLD000000013709,preliminary,5.0596571,52.03621034,4.58,2021-05-10,2026-06-01,66,GLD000000013709_preliminary.csv
GLD000000013710,preliminary,5.11575939,52.06427706,0.27,2021-04-21,2026-06-01,66,GLD000000013710_preliminary.csv
GLD000000013711,preliminary,5.11797835,52.1121605,1.66,2021-04-14,2026-06-01,65,GLD000000013711_preliminary.csv
GLD000000013712,preliminary,5.11392949,52.08057798,0.65,2021-04-16,2026-06-01,66,GLD000000013712_preliminary.csv
GLD000000013713,preliminary,5.11475636,52.10489875,0.8,2021-04-14,2026-06-01,67,GLD000000013713_preliminary.csv
GLD000000013714,preliminary,4.99206735,52.12863303,6.55,2021-05-19,2026-06-01,64,GLD000000013714_preliminary.csv
GLD000000013715,preliminary,5.11885821,52.09922669,1.62,2021-04-14,2026-06-01,61,GLD000000013715_preliminary.csv
GLD000000013716,preliminary,5.1763464,52.09133625,0.53,2021-04-20,2026-06-01,59,GLD000000013716_preliminary.csv
GLD000000013717,preliminary,5.10750849,52.10478716,1.29,2021-04-15,2026-06-01,66,GLD000000013717_preliminary.csv
GLD000000013718,preliminary,5.0487241,52.08670169,2.71,2021-04-26,2026-06-01,64,GLD000000013718_preliminary.csv
GLD000000013719,preliminary,5.04911501,52.10255781,4.07,2021-04-23,2026-06-01,63,GLD000000013719_preliminary.csv
GLD000000013720,preliminary,5.03164932,52.07748069,1.26,2021-04-12,2026-06-01,57,GLD000000013720_preliminary.csv
GLD000000013721,preliminary,5.1318904,52.09373933,1.63,2021-04-14,2026-06-01,66,GLD000000013721_preliminary.csv
GLD000000013722,preliminary,5.09659352,52.0776555,1.14,2021-04-16,2026-06-01,66,GLD000000013722_preliminary.csv
GLD000000013723,preliminary,5.08641884,52.0876756,4.97,2021-04-21,2026-06-01,66,GLD000000013723_preliminary.csv
GLD000000013724,preliminary,5.1763464,52.09133625,5.35,2021-04-20,2026-06-01,55,GLD000000013724_preliminary.csv
GLD000000013725,preliminary,5.07349921,52.09699858,4.09,2021-04-30,2026-05-31,59,GLD000000013725_preliminary.csv
GLD000000013726,preliminary,5.12233485,52.09114114,5.04,2021-04-28,2026-06-01,64,GLD000000013726_preliminary.csv
GLD000000013727,preliminary,5.12543488,52.10747938,4.58,2021-04-28,2026-06-01,64,GLD000000013727_preliminary.csv
GLD000000013728,preliminary,5.18969046,52.08540479,4.55,2021-04-20,2026-06-01,65,GLD000000013728_preliminary.csv
GLD000000013729,preliminary,5.08792996,52.10018456,5.36,2021-04-29,2026-06-01,63,GLD000000013729_preliminary.csv
GLD000000013730,preliminary,4.99139582,52.10847227,2.81,2021-05-04,2026-06-01,66,GLD000000013730_preliminary.csv
GLD000000013731,preliminary,5.13589153,52.10395179,4.86,2021-04-29,2026-06-01,65,GLD000000013731_preliminary.csv
GLD000000013732,preliminary,5.0277193,52.07954958,1.18,2021-04-12,2026-06-01,61,GLD000000013732_preliminary.csv
GLD000000013733,preliminary,5.13001802,52.0669546,0.63,2021-04-16,2026-06-01,64,GLD000000013733_preliminary.csv
GLD000000013734,preliminary,5.12516855,52.07070861,3.14,2021-04-21,2026-06-01,67,GLD000000013734_preliminary.csv
GLD000000013735,preliminary,5.08187907,52.10937917,3.63,2021-04-30,2026-06-01,67,GLD000000013735_preliminary.csv
GLD000000013736,preliminary,5.04241707,52.08096711,0.43,2021-04-13,2026-06-01,59,GLD000000013736_preliminary.csv
GLD000000013737,preliminary,5.13726016,52.06014692,1.34,2021-04-20,2026-06-01,66,GLD000000013737_preliminary.csv
GLD000000013738,preliminary,5.00898391,52.10869174,2.54,2021-04-30,2026-06-01,66,GLD000000013738_preliminary.csv
GLD000000013739,preliminary,5.12794336,52.06200219,1.17,2021-04-19,2026-06-01,64,GLD000000013739_preliminary.csv
GLD000000013740,preliminary,5.11668148,52.0615486,4.66,2021-04-21,2026-06-01,64,GLD000000013740_preliminary.csv
GLD000000013741,preliminary,5.09591228,52.07051421,3.79,2021-04-21,2026-06-01,66,GLD000000013741_preliminary.csv
GLD000000013742,preliminary,5.08473934,52.11190743,1.13,2021-04-15,2026-06-01,66,GLD000000013742_preliminary.csv
GLD000000013743,preliminary,5.03718124,52.08694665,0.95,2021-04-23,2026-06-01,59,GLD000000013743_preliminary.csv
GLD000000013744,preliminary,5.1380579,52.09966709,1.61,2021-04-14,2026-06-01,57,GLD000000013744_preliminary.csv
GLD000000013746,preliminary,5.0446667,52.11928979,4.99,2021-04-23,2026-06-01,66,GLD000000013746_preliminary.csv
GLD000000013747,preliminary,5.05855861,52.08433695,0.82,2021-04-13,2026-06-01,55,GLD000000013747_preliminary.csv
GLD000000013748,preliminary,5.11317799,52.07159634,0.62,2021-04-16,2026-06-01,64,GLD000000013748_preliminary.csv
GLD000000013749,preliminary,5.1163877,52.11905361,4.55,2021-04-26,2026-06-01,66,GLD000000013749_preliminary.csv
GLD000000013750,preliminary,5.03687316,52.10635371,0.62,2021-04-09,2026-06-01,62,GLD000000013750_preliminary.csv
GLD000000013751,preliminary,5.11343049,52.11609041,1.62,2021-04-14,2026-06-01,62,GLD000000013751_preliminary.csv
GLD000000013752,preliminary,5.10236398,52.12244509,1.27,2021-04-26,2026-06-01,62,GLD000000013752_preliminary.csv
GLD000000013753,preliminary,5.01903188,52.09213148,6.71,2021-04-23,2026-06-01,65,GLD000000013753_preliminary.csv
GLD000000013754,preliminary,5.04042494,52.10920087,1.19,2021-04-09,2026-05-31,67,GLD000000013754_preliminary.csv
GLD000000013755,preliminary,5.10227545,52.10845952,1.27,2021-04-15,2026-05-17,66,GLD000000013755_preliminary.csv
GLD000000013756,preliminary,5.06695119,52.0850378,0.64,2021-04-13,2026-06-01,66,GLD000000013756_preliminary.csv
GLD000000013757,preliminary,5.04339571,52.11178105,2.82,2021-04-23,2026-06-01,65,GLD000000013757_preliminary.csv
GLD000000013758,preliminary,5.12248359,52.10075971,1.26,2021-04-14,2026-06-01,66,GLD000000013758_preliminary.csv
GLD000000013759,preliminary,5.10236398,52.12244509,4.08,2021-04-26,2026-06-01,66,GLD000000013759_preliminary.csv
GLD000000013760,preliminary,5.01903188,52.09213148,1.57,2021-04-23,2026-05-01,65,GLD000000013760_preliminary.csv
GLD000000013761,preliminary,5.13057905,52.0580833,0.55,2021-04-20,2026-05-29,62,GLD000000013761_preliminary.csv
GLD000000013762,preliminary,5.10665814,52.09945342,0.62,2021-05-19,2024-08-01,32,GLD000000013762_preliminary.csv
GLD000000013763,preliminary,5.00050937,52.10116819,0.53,2021-04-30,2026-06-01,60,GLD000000013763_preliminary.csv
GLD000000013764,preliminary,5.00477901,52.08146217,5.29,2021-10-07,2026-06-01,63,GLD000000013764_preliminary.csv
GLD000000013765,preliminary,5.08713296,52.09412669,0.62,2021-04-15,2026-06-01,66,GLD000000013765_preliminary.csv
GLD000000013766,preliminary,5.14826296,52.06405525,3.9,2021-04-20,2026-06-01,63,GLD000000013766_preliminary.csv
GLD000000013767,preliminary,5.12302829,52.1165019,1.63,2021-04-14,2026-06-01,67,GLD000000013767_preliminary.csv
GLD000000013768,preliminary,5.06791913,52.08546988,2.67,2021-04-29,2026-06-01,57,GLD000000013768_preliminary.csv
GLD000000013769,preliminary,5.05438872,52.10111116,1.63,2021-04-09,2026-06-01,61,GLD000000013769_preliminary.csv
GLD000000013770,preliminary,5.05628908,52.08462245,0.59,2021-04-13,2026-03-23,50,GLD000000013770_preliminary.csv
GLD000000013771,preliminary,5.02225918,52.07908926,0.81,2021-04-12,2026-06-01,66,GLD000000013771_preliminary.csv
GLD000000013772,preliminary,5.10114794,52.09420919,1.35,2021-04-15,2023-06-20,23,GLD000000013772_preliminary.csv
GLD000000013773,preliminary,5.15551074,52.08657305,4.95,2021-04-19,2026-06-01,63,GLD000000013773_preliminary.csv
GLD000000013774,preliminary,5.14474089,52.08619011,1.09,2021-10-08,2026-06-01,62,GLD000000013774_preliminary.csv
GLD000000013775,preliminary,5.14182389,52.06552236,0.51,2021-04-20,2026-06-01,57,GLD000000013775_preliminary.csv
GLD000000013776,preliminary,5.0487241,52.08670169,0.15,2021-04-26,2026-06-01,49,GLD000000013776_preliminary.csv
GLD000000013777,preliminary,5.02274709,52.08203319,1.63,2021-04-12,2026-05-04,59,GLD000000013777_preliminary.csv
GLD000000013778,preliminary,5.13184185,52.07735002,1.64,2021-04-19,2026-06-01,61,GLD000000013778_preliminary.csv
GLD000000013779,preliminary,5.02438662,52.06700829,5.6,2021-04-22,2026-06-01,63,GLD000000013779_preliminary.csv
GLD000000013780,preliminary,5.12233485,52.09114114,1.24,2021-04-29,2026-06-01,65,GLD000000013780_preliminary.csv
GLD000000013781,preliminary,5.11569983,52.06175326,0.76,2021-04-19,2026-06-01,63,GLD000000013781_preliminary.csv
GLD000000013782,preliminary,5.03205967,52.07687724,4.79,2021-04-22,2026-06-01,66,GLD000000013782_preliminary.csv
GLD000000013783,preliminary,4.99755652,52.12014136,7.1,2021-04-26,2026-06-01,66,GLD000000013783_preliminary.csv
GLD000000013784,preliminary,5.0138598,52.09486019,0.5,2021-05-19,2026-06-01,61,GLD000000013784_preliminary.csv
GLD000000013785,preliminary,5.02764432,52.08629779,2.73,2021-04-23,2026-06-01,56,GLD000000013785_preliminary.csv
GLD000000013786,preliminary,5.10142491,52.10715409,4.5,2021-04-29,2026-06-01,65,GLD000000013786_preliminary.csv
GLD000000013787,preliminary,5.01124509,52.08950303,1.32,2021-04-09,2026-04-17,65,GLD000000013787_preliminary.csv
GLD000000013788,preliminary,5.09113732,52.10368938,1.66,2021-04-15,2026-06-01,66,GLD000000013788_preliminary.csv
GLD000000013789,preliminary,4.99755652,52.12014136,0.6,2021-04-26,2026-06-01,66,GLD000000013789_preliminary.csv
GLD000000013790,preliminary,5.12644944,52.06942437,1.69,2021-04-16,2026-06-01,61,GLD000000013790_preliminary.csv
GLD000000013791,preliminary,5.0402544,52.07802739,0.53,2021-04-12,2026-06-01,67,GLD000000013791_preliminary.csv
GLD000000013792,preliminary,5.12114404,52.06169102,0.6,2021-04-19,2026-06-01,66,GLD000000013792_preliminary.csv
GLD000000013793,preliminary,5.06457411,52.1042369,4.9,2021-04-30,2026-06-01,58,GLD000000013793_preliminary.csv
GLD000000013794,preliminary,5.0576034,52.0825896,4.92,2021-05-10,2026-06-01,54,GLD000000013794_preliminary.csv
GLD000000013795,preliminary,5.01077765,52.08460934,4.92,2021-04-30,2026-06-01,66,GLD000000013795_preliminary.csv
GLD000000013796,preliminary,5.03513399,52.05971554,5.58,2021-05-11,2026-06-01,55,GLD000000013796_preliminary.csv
GLD000000013797,preliminary,5.13358083,52.06356351,2.96,2021-04-21,2026-06-01,58,GLD000000013797_preliminary.csv
GLD000000013798,preliminary,5.08133176,52.09861803,1.13,2021-04-13,2026-06-01,62,GLD000000013798_preliminary.csv
GLD000000013799,preliminary,5.09618923,52.10195518,4.88,2021-04-29,2026-05-22,59,GLD000000013799_preliminary.csv
GLD000000013800,preliminary,5.13049406,52.08816613,4.69,2021-05-19,2026-03-10,62,GLD000000013800_preliminary.csv
GLD000000013801,preliminary,5.0562837,52.07500984,1.35,2021-04-22,2026-06-01,66,GLD000000013801_preliminary.csv
GLD000000013802,preliminary,5.09585934,52.1196255,1.54,2021-04-14,2026-06-01,66,GLD000000013802_preliminary.csv
GLD000000013803,preliminary,5.02738277,52.09524016,4.74,2021-05-10,2026-06-01,59,GLD000000013803_preliminary.csv
GLD000000013804,preliminary,5.00974225,52.07590552,3.45,2021-04-30,2026-05-13,51,GLD000000013804_preliminary.csv
GLD000000013805,preliminary,5.03637502,52.07675615,0.59,2021-04-12,2026-05-31,66,GLD000000013805_preliminary.csv
GLD000000013806,preliminary,5.12845868,52.09689431,0.75,2021-05-19,2021-10-05,4,GLD000000013806_preliminary.csv
GLD000000013807,preliminary,5.0639876,52.0480417,6.09,2021-05-11,2026-03-12,64,GLD000000013807_preliminary.csv
GLD000000013808,preliminary,5.04495901,52.10347076,1.26,2021-04-09,2026-01-26,63,GLD000000013808_preliminary.csv
GLD000000013809,preliminary,5.11666131,52.08483562,1.7,2021-04-15,2026-06-01,66,GLD000000013809_preliminary.csv
GLD000000013810,preliminary,5.02689377,52.07619312,0.6,2021-04-12,2026-06-01,61,GLD000000013810_preliminary.csv
GLD000000013811,preliminary,5.11995792,52.0589709,1.07,2021-04-19,2026-06-01,67,GLD000000013811_preliminary.csv
GLD000000013812,preliminary,5.08641929,52.11063027,0.75,2021-05-10,2026-06-01,58,GLD000000013812_preliminary.csv
GLD000000013813,preliminary,5.11942739,52.06737913,4.88,2021-10-05,2026-06-01,63,GLD000000013813_preliminary.csv
GLD000000013814,preliminary,4.99794115,52.09271991,3.19,2021-04-23,2026-06-01,66,GLD000000013814_preliminary.csv
GLD000000013815,preliminary,5.11942739,52.06737913,1.12,2021-04-21,2026-06-01,64,GLD000000013815_preliminary.csv
GLD000000013816,preliminary,5.12047294,52.112205,4.56,2021-04-29,2026-06-01,66,GLD000000013816_preliminary.csv
GLD000000013817,preliminary,5.12516855,52.07070861,1.06,2021-04-21,2026-06-01,66,GLD000000013817_preliminary.csv
GLD000000013818,preliminary,5.00940513,52.10527236,0.62,2021-04-12,2026-05-22,67,GLD000000013818_preliminary.csv
GLD000000013819,preliminary,5.0936005,52.12350095,1.7,2021-04-14,2023-07-06,26,GLD000000013819_preliminary.csv
GLD000000013820,preliminary,5.03241468,52.08910825,1.65,2021-04-13,2026-06-01,57,GLD000000013820_preliminary.csv
GLD000000013821,preliminary,5.04222079,52.0899725,5.06,2021-04-23,2026-06-01,66,GLD000000013821_preliminary.csv
GLD000000013822,preliminary,5.14839087,52.07287907,3.41,2021-04-19,2026-06-01,65,GLD000000013822_preliminary.csv
GLD000000013823,preliminary,5.13782021,52.05907853,3.78,2021-04-20,2026-06-01,60,GLD000000013823_preliminary.csv
GLD000000013824,preliminary,5.08223068,52.06979838,1.15,2021-04-16,2026-06-01,66,GLD000000013824_preliminary.csv
GLD000000013825,preliminary,5.12002595,52.1036441,1.35,2021-04-14,2026-05-30,66,GLD000000013825_preliminary.csv
GLD000000013826,preliminary,5.0562837,52.07500984,4.43,2021-04-22,2026-06-01,66,GLD000000013826_preliminary.csv
GLD000000013827,preliminary,5.14474089,52.08619011,5.08,2021-04-19,2026-06-01,61,GLD000000013827_preliminary.csv
GLD000000013828,preliminary,5.11125388,52.08263103,5.04,2021-04-21,2026-06-01,66,GLD000000013828_preliminary.csv
GLD000000013829,preliminary,5.08390457,52.11636813,3.66,2021-04-26,2026-06-01,61,GLD000000013829_preliminary.csv
GLD000000013830,preliminary,5.08061698,52.1174738,0.61,2021-05-19,2026-06-01,64,GLD000000013830_preliminary.csv
GLD000000013831,preliminary,5.12927575,52.0970257,1.09,2021-10-05,2026-06-01,64,GLD000000013831_preliminary.csv
GLD000000013832,preliminary,5.098816,52.06466231,1.15,2021-04-16,2026-06-01,62,GLD000000013832_preliminary.csv
GLD000000013833,preliminary,5.00677391,52.08158337,0.71,2021-04-12,2026-06-01,66,GLD000000013833_preliminary.csv
GLD000000013834,preliminary,5.02849289,52.07664802,1.05,2021-04-12,2026-06-01,66,GLD000000013834_preliminary.csv
GLD000000013835,preliminary,5.03776956,52.10225768,1.31,2021-04-09,2025-10-24,58,GLD000000013835_preliminary.csv
GLD000000013836,preliminary,5.09572708,52.08964019,0.52,2021-05-19,2023-06-21,21,GLD000000013836_preliminary.csv
GLD000000013837,preliminary,5.15145772,52.09430374,4.05,2021-04-26,2024-11-29,45,GLD000000013837_preliminary.csv
GLD000000013838,preliminary,5.14182389,52.06552236,5.52,2021-04-20,2026-06-01,64,GLD000000013838_preliminary.csv
GLD000000013839,preliminary,5.00983411,52.09753246,1.25,2021-04-09,2026-06-01,61,GLD000000013839_preliminary.csv
GLD000000013840,preliminary,5.12958855,52.09161431,1.68,2021-04-14,2026-06-01,67,GLD000000013840_preliminary.csv
GLD000000013841,preliminary,5.11317327,52.09353443,1.6,2021-04-15,2026-06-01,52,GLD000000013841_preliminary.csv
GLD000000013842,preliminary,5.1381603,52.06829487,0.64,2021-05-19,2026-06-01,59,GLD000000013842_preliminary.csv
GLD000000013843,preliminary,5.06298963,52.09326709,5.36,2021-04-23,2026-06-01,66,GLD000000013843_preliminary.csv
GLD000000013844,preliminary,5.04020665,52.08347858,0.63,2021-04-13,2026-06-01,56,GLD000000013844_preliminary.csv
GLD000000013845,preliminary,5.00898391,52.10869174,0.14,2021-04-30,2023-07-04,25,GLD000000013845_preliminary.csv
GLD000000013846,preliminary,5.02351842,52.11105636,7.83,2021-01-07,2026-06-01,65,GLD000000013846_preliminary.csv
GLD000000013847,preliminary,5.09139602,52.07857427,5.21,2021-04-21,2026-06-01,66,GLD000000013847_preliminary.csv
GLD000000013848,preliminary,5.03480447,52.11052669,1.24,2021-04-09,2024-04-10,36,GLD000000013848_preliminary.csv
GLD000000013849,preliminary,5.00050937,52.10116819,6.47,2021-04-30,2026-06-01,67,GLD000000013849_preliminary.csv
GLD000000013850,preliminary,5.06779441,52.07555208,6.96,2021-04-29,2026-03-09,48,GLD000000013850_preliminary.csv
GLD000000013851,preliminary,5.08390457,52.11636813,0.84,2021-04-26,2026-06-01,62,GLD000000013851_preliminary.csv
GLD000000013852,preliminary,5.09034563,52.10833516,1.22,2021-04-15,2026-06-01,67,GLD000000013852_preliminary.csv
GLD000000013853,preliminary,5.02075915,52.12159804,4.27,2021-04-26,2025-09-16,53,GLD000000013853_preliminary.csv
GLD000000013854,preliminary,5.09615812,52.07026527,1.22,2021-04-16,2026-06-01,66,GLD000000013854_preliminary.csv
GLD000000013855,preliminary,5.11415215,52.07602002,1.63,2021-05-19,2026-06-01,59,GLD000000013855_preliminary.csv
GLD000000013856,preliminary,5.14005877,52.09232361,1.13,2021-04-19,2026-06-01,59,GLD000000013856_preliminary.csv
GLD000000013857,preliminary,5.0599982,52.09704315,1.13,2021-04-13,2026-06-01,66,GLD000000013857_preliminary.csv
GLD000000013858,preliminary,5.15559312,52.07911315,4.66,2021-04-19,2026-01-16,61,GLD000000013858_preliminary.csv
GLD000000013859,preliminary,5.11891648,52.10396839,4.63,2021-04-28,2026-06-01,64,GLD000000013859_preliminary.csv
GLD000000013860,preliminary,5.10141436,52.09509206,6.84,2021-04-29,2026-06-01,66,GLD000000013860_preliminary.csv
GLD000000013861,preliminary,5.10791819,52.11922927,1.51,2021-04-14,2026-06-01,65,GLD000000013861_preliminary.csv
GLD000000013862,preliminary,5.11020394,52.10639618,1.23,2021-04-15,2026-06-01,66,GLD000000013862_preliminary.csv
GLD000000013863,preliminary,5.11734667,52.11863215,1.65,2021-04-14,2026-06-01,66,GLD000000013863_preliminary.csv
GLD000000013864,preliminary,5.03246204,52.0872755,1.18,2021-04-13,2026-06-01,66,GLD000000013864_preliminary.csv
GLD000000013865,preliminary,5.06075028,52.08414808,0.85,2021-04-13,2026-06-01,59,GLD000000013865_preliminary.csv
GLD000000013866,preliminary,5.02764432,52.08629779,7.06,2021-04-23,2026-06-01,67,GLD000000013866_preliminary.csv
GLD000000013867,preliminary,5.13861291,52.11591171,4.57,2021-04-26,2026-06-01,65,GLD000000013867_preliminary.csv
GLD000000013868,preliminary,5.04805199,52.09829414,1.56,2021-04-13,2025-09-28,56,GLD000000013868_preliminary.csv
GLD000000013869,preliminary,5.11839909,52.10761532,1.59,2021-04-14,2026-05-31,62,GLD000000013869_preliminary.csv
GLD000000013870,preliminary,5.12927575,52.0970257,4.95,2021-04-29,2026-06-01,67,GLD000000013870_preliminary.csv
GLD000000013871,preliminary,5.00736021,52.0852882,0.62,2021-04-12,2026-06-01,57,GLD000000013871_preliminary.csv
GLD000000013872,preliminary,5.04763314,52.0458925,6.66,2021-05-11,2026-06-01,59,GLD000000013872_preliminary.csv
GLD000000013873,preliminary,5.066344323,52.095255971,4.1,2022-03-28,2025-02-07,35,GLD000000013873_preliminary.csv
GLD000000013874,preliminary,5.10325408,52.0740037,1.11,2021-04-16,2026-06-01,60,GLD000000013874_preliminary.csv
GLD000000013875,preliminary,5.05028239,52.1036738,0.52,2021-04-09,2026-02-03,63,GLD000000013875_preliminary.csv
GLD000000013876,preliminary,5.13782021,52.05907853,0.84,2021-04-20,2026-06-01,67,GLD000000013876_preliminary.csv
GLD000000013877,preliminary,4.99794115,52.09271991,0.27,2021-04-23,2026-06-01,64,GLD000000013877_preliminary.csv
GLD000000013878,preliminary,5.03495852,52.08149276,0.61,2021-04-12,2024-02-25,32,GLD000000013878_preliminary.csv
GLD000000013879,preliminary,5.12188254,52.06823935,1.64,2021-04-16,2026-06-01,58,GLD000000013879_preliminary.csv
GLD000000013880,preliminary,5.14682544,52.10881194,4.94,2021-04-26,2026-06-01,66,GLD000000013880_preliminary.csv
GLD000000013881,preliminary,5.16589412,52.08754572,4.67,2021-04-26,2026-06-01,66,GLD000000013881_preliminary.csv
GLD000000013882,preliminary,5.04723331,52.06975482,3.64,2021-04-30,2026-06-01,60,GLD000000013882_preliminary.csv
GLD000000013883,preliminary,5.04408578,52.10560065,0.67,2021-04-09,2026-06-01,60,GLD000000013883_preliminary.csv
GLD000000013884,preliminary,5.00429182,52.10130053,1.26,2021-04-09,2026-06-01,66,GLD000000013884_preliminary.csv
GLD000000013885,preliminary,5.1298215,52.07825983,4.33,2021-04-19,2026-06-01,64,GLD000000013885_preliminary.csv
GLD000000013886,preliminary,5.14262081,52.06379831,0.35,2021-04-20,2026-06-01,65,GLD000000013886_preliminary.csv
GLD000000013887,preliminary,5.08633122,52.12893966,4.89,2021-10-07,2026-06-01,58,GLD000000013887_preliminary.csv
GLD000000013888,preliminary,5.03887487,52.0751379,0.53,2021-04-12,2026-06-01,66,GLD000000013888_preliminary.csv
GLD000000013889,preliminary,5.09693131,52.09105447,3.79,2021-04-29,2026-06-01,66,GLD000000013889_preliminary.csv
GLD000000013890,preliminary,5.02485687,52.10981774,0.92,2021-04-12,2026-06-01,68,GLD000000013890_preliminary.csv
GLD000000013891,preliminary,5.14137148,52.10010744,5.11,2021-04-20,2026-06-01,66,GLD000000013891_preliminary.csv
GLD000000013892,preliminary,5.11621126,52.0782833,6.47,2021-04-16,2026-06-01,64,GLD000000013892_preliminary.csv
GLD000000014657,fully_assessed,5.24337352,52.09546751,4.86,2021-01-01,2025-06-01,1412,GLD000000014657_fully_assessed.csv
GLD000000014658,fully_assessed,5.24624834,52.08620433,1.9,2021-01-01,2025-06-01,1290,GLD000000014658_fully_assessed.csv
GLD000000014659,fully_assessed,5.23787697,52.09395066,4.01,2021-01-01,2025-06-01,1408,GLD000000014659_fully_assessed.csv
GLD000000014660,fully_assessed,5.22065632,52.07862989,1.97,2021-01-01,2025-06-01,1413,GLD000000014660_fully_assessed.csv
GLD000000014661,fully_assessed,5.23554097,52.07277188,1.46,2021-01-01,2024-11-18,1238,GLD000000014661_fully_assessed.csv
GLD000000014662,fully_assessed,5.181849618,52.041286218,3.06,2012-06-11,2024-11-13,1447,GLD000000014662_fully_assessed.csv
GLD000000014664,fully_assessed,5.15085383,52.02078017,2.05,2021-01-01,2023-09-19,943,GLD000000014664_fully_assessed.csv
GLD000000014668,fully_assessed,5.14919115,52.02936048,2.26,2021-01-01,2023-09-19,987,GLD000000014668_fully_assessed.csv
GLD000000014669,fully_assessed,5.175100753,52.025985517,3.08,2012-06-20,2024-11-13,1446,GLD000000014669_fully_assessed.csv
GLD000000014672,fully_assessed,5.16627962,52.039029,2.09,2021-01-01,2023-09-19,987,GLD000000014672_fully_assessed.csv
GLD000000014673,fully_assessed,5.179990214,52.021023796,3.04,2012-06-20,2023-11-20,1090,GLD000000014673_fully_assessed.csv
GLD000000014675,fully_assessed,5.19295586,52.02453332,3.18,2021-01-01,2022-05-23,505,GLD000000014675_fully_assessed.csv
GLD000000014783,fully_assessed,5.202595588,52.068329638,1.76,2016-09-09,2025-01-31,1473,GLD000000014783_fully_assessed.csv
GLD000000014788,fully_assessed,5.192450809,52.070335598,6.68,2016-08-25,2024-10-10,1082,GLD000000014788_fully_assessed.csv
GLD000000014797,fully_assessed,5.243534212,52.02268251,1.23,2020-02-28,2025-01-31,1468,GLD000000014797_fully_assessed.csv
GLD000000015111,preliminary,4.998660019,52.14941914,3.09,2019-06-27,2021-12-22,3,GLD000000015111_preliminary.csv
GLD000000015121,preliminary,4.999161157,52.149588865,0.88,2019-07-18,2021-12-22,3,GLD000000015121_preliminary.csv
GLD000000015124,preliminary,4.998654198,52.149416424,5.44,2019-07-05,2021-07-07,2,GLD000000015124_preliminary.csv
GLD000000015125,preliminary,4.998136844,52.149263721,2.47,2019-06-25,2021-12-22,3,GLD000000015125_preliminary.csv
GLD000000016868,fully_assessed,5.037552575,52.153342678,1.98,2017-02-02,2020-03-26,13,GLD000000016868_fully_assessed.csv
GLD000000016903,fully_assessed,5.078701053,52.155326884,0.34,2016-05-03,2020-12-31,58,GLD000000016903_fully_assessed.csv
GLD000000016979,fully_assessed,5.09753039,52.142791312,0.35,2014-01-28,2020-12-31,77,GLD000000016979_fully_assessed.csv
GLD000000016988,fully_assessed,5.08129363,52.150165505,2.54,2014-01-28,2020-12-31,85,GLD000000016988_fully_assessed.csv
GLD000000016994,fully_assessed,5.08129363,52.150165505,1.11,2014-01-28,2020-12-31,85,GLD000000016994_fully_assessed.csv
GLD000000016996,fully_assessed,5.076969856,52.152113616,1.19,2014-01-28,2020-12-31,86,GLD000000016996_fully_assessed.csv
GLD000000016998,fully_assessed,5.080916279,52.149796017,1.19,2014-01-15,2020-12-31,83,GLD000000016998_fully_assessed.csv
GLD000000017000,fully_assessed,5.080916279,52.149796017,2.47,2014-02-12,2020-12-31,84,GLD000000017000_fully_assessed.csv
GLD000000017008,fully_assessed,5.07370404,52.151089341,1.23,2014-01-29,2020-12-31,84,GLD000000017008_fully_assessed.csv
GLD000000017010,fully_assessed,5.089700585,52.144928978,0.74,2014-01-28,2020-12-31,87,GLD000000017010_fully_assessed.csv
GLD000000017016,fully_assessed,5.095763789,52.135911094,4.56,2013-11-01,2020-12-31,85,GLD000000017016_fully_assessed.csv
GLD000000017022,fully_assessed,5.092728796,52.144307405,1.34,2014-01-28,2020-12-31,85,GLD000000017022_fully_assessed.csv
GLD000000017024,fully_assessed,5.098257658,52.147799444,1.09,2014-02-05,2020-12-31,84,GLD000000017024_fully_assessed.csv
GLD000000017028,fully_assessed,5.110924687,52.157249245,0.63,2014-01-29,2020-12-31,85,GLD000000017028_fully_assessed.csv
GLD000000017030,fully_assessed,5.076464814,52.146998089,4.13,2014-01-08,2020-11-30,17,GLD000000017030_fully_assessed.csv
GLD000000017034,fully_assessed,5.104272422,52.146223125,1.38,2014-04-17,2020-12-31,82,GLD000000017034_fully_assessed.csv
GLD000000017036,fully_assessed,5.075648123,52.157260283,2.11,2015-03-26,2020-12-31,71,GLD000000017036_fully_assessed.csv
GLD000000017042,fully_assessed,5.110924687,52.157249245,1.89,2014-01-29,2020-12-31,82,GLD000000017042_fully_assessed.csv
GLD000000017044,fully_assessed,5.089643046,52.144794012,4.16,2014-01-08,2020-12-31,86,GLD000000017044_fully_assessed.csv
GLD000000017046,fully_assessed,5.053454411,52.156732251,2.35,2014-03-11,2020-12-31,78,GLD000000017046_fully_assessed.csv
GLD000000017054,fully_assessed,5.090388283,52.144768924,1.03,2014-08-19,2020-12-31,79,GLD000000017054_fully_assessed.csv
GLD000000017072,fully_assessed,5.089671546,52.144901941,2.76,2015-07-15,2020-12-31,67,GLD000000017072_fully_assessed.csv
GLD000000017080,fully_assessed,5.078701053,52.155326884,1.04,2016-05-03,2020-08-13,49,GLD000000017080_fully_assessed.csv
GLD000000017114,fully_assessed,5.037596481,52.15333382,2.16,2017-02-02,2020-03-26,13,GLD000000017114_fully_assessed.csv
GLD000000017116,fully_assessed,5.037684503,52.15328914,1.14,2017-02-02,2020-03-26,13,GLD000000017116_fully_assessed.csv
GLD000000017140,fully_assessed,5.105545879,52.145839684,0.04,2018-01-10,2020-12-31,37,GLD000000017140_fully_assessed.csv
GLD000000024957,fully_assessed,5.075648123,52.157260283,2.11,2021-01-01,2025-03-21,31,GLD000000024957_fully_assessed.csv
GLD000000024958,fully_assessed,5.080916279,52.149796017,1.19,2021-01-01,2023-03-08,25,GLD000000024958_fully_assessed.csv
GLD000000024959,fully_assessed,5.110924687,52.157249245,0.63,2021-01-01,2024-04-18,42,GLD000000024959_fully_assessed.csv
GLD000000024961,fully_assessed,5.080916279,52.149796017,2.47,2021-01-01,2024-04-18,37,GLD000000024961_fully_assessed.csv
GLD000000024962,fully_assessed,5.08129363,52.150165505,1.11,2021-01-01,2024-04-18,22,GLD000000024962_fully_assessed.csv
GLD000000024963,fully_assessed,5.076969856,52.152113616,1.19,2021-01-01,2024-04-18,25,GLD000000024963_fully_assessed.csv
GLD000000024964,fully_assessed,5.07370404,52.151089341,1.23,2021-01-01,2024-04-18,42,GLD000000024964_fully_assessed.csv
GLD000000024965,fully_assessed,5.078701053,52.155326884,0.34,2021-01-01,2025-03-21,37,GLD000000024965_fully_assessed.csv
GLD000000024966,fully_assessed,5.08129363,52.150165505,2.54,2021-01-01,2024-04-18,38,GLD000000024966_fully_assessed.csv
GLD000000024967,fully_assessed,5.078701053,52.155326884,1.04,2021-12-09,2024-01-29,9,GLD000000024967_fully_assessed.csv
GLD000000024971,fully_assessed,5.053454411,52.156732251,2.35,2021-01-01,2025-03-21,31,GLD000000024971_fully_assessed.csv
GLD000000024977,fully_assessed,5.095763789,52.135911094,4.56,2021-01-01,2024-04-17,37,GLD000000024977_fully_assessed.csv
GLD000000024981,fully_assessed,5.110924687,52.157249245,1.89,2021-01-01,2024-04-18,37,GLD000000024981_fully_assessed.csv
GLD000000024985,fully_assessed,5.089700585,52.144928978,0.74,2021-01-01,2025-01-16,36,GLD000000024985_fully_assessed.csv
GLD000000024986,fully_assessed,5.09753039,52.142791312,0.35,2021-01-01,2025-01-15,50,GLD000000024986_fully_assessed.csv
GLD000000024987,fully_assessed,5.090388283,52.144768924,1.03,2021-01-01,2025-01-16,48,GLD000000024987_fully_assessed.csv
GLD000000024988,fully_assessed,5.105545879,52.145839684,0.04,2021-01-01,2025-01-10,26,GLD000000024988_fully_assessed.csv
GLD000000024989,fully_assessed,5.092728796,52.144307405,1.34,2021-01-01,2025-01-16,31,GLD000000024989_fully_assessed.csv
GLD000000024990,fully_assessed,5.098257658,52.147799444,1.09,2021-01-01,2025-01-10,50,GLD000000024990_fully_assessed.csv
GLD000000024991,fully_assessed,5.076464814,52.146998089,4.13,2021-03-04,2025-01-09,46,GLD000000024991_fully_assessed.csv
GLD000000024992,fully_assessed,5.089671546,52.144901941,2.76,2021-01-01,2025-01-16,41,GLD000000024992_fully_assessed.csv
GLD000000024993,fully_assessed,5.089643046,52.144794012,4.16,2021-01-01,2024-04-18,34,GLD000000024993_fully_assessed.csv
GLD000000024994,fully_assessed,5.104272422,52.146223125,1.38,2021-01-01,2025-01-10,36,GLD000000024994_fully_assessed.csv
GLD000000025501,fully_assessed,5.14420929,52.02637524,2.1,2021-01-01,2021-08-19,231,GLD000000025501_fully_assessed.csv
GLD000000025513,fully_assessed,5.17322154,52.03201314,2.28,2021-01-01,2021-08-18,215,GLD000000025513_fully_assessed.csv
GLD000000025622,fully_assessed,5.126360961,52.148943453,2.82,2012-06-11,2025-03-27,1472,GLD000000025622_fully_assessed.csv
GLD000000025625,fully_assessed,5.157784932,52.098324895,2.19,2012-06-12,2025-03-03,1458,GLD000000025625_fully_assessed.csv
GLD000000035875,preliminary,5.08869754,52.03261221,1.05,2019-02-09,2024-05-01,6,GLD000000035875_preliminary.csv
GLD000000035876,preliminary,5.07182186,52.02482586,1.14,2015-01-06,2025-06-27,14,GLD000000035876_preliminary.csv
GLD000000035877,preliminary,5.10529598,52.03002944,7.63,2009-08-13,2025-06-28,32,GLD000000035877_preliminary.csv
GLD000000035878,preliminary,5.07416046,52.04483342,0.53,2017-02-21,2024-04-30,7,GLD000000035878_preliminary.csv
GLD000000035879,preliminary,5.07147908,52.02963631,2.0,2020-10-09,2025-06-27,8,GLD000000035879_preliminary.csv
GLD000000035880,preliminary,5.08393062,52.03867243,1.6,2019-02-05,2024-04-30,6,GLD000000035880_preliminary.csv
GLD000000035882,preliminary,5.08969296,52.02381623,0.21,2013-12-12,2024-04-30,10,GLD000000035882_preliminary.csv
GLD000000035883,preliminary,5.08351856,52.04054719,1.05,2019-02-05,2024-04-30,6,GLD000000035883_preliminary.csv
GLD000000035885,preliminary,5.10292778,52.04729981,1.09,2017-03-17,2024-11-03,10,GLD000000035885_preliminary.csv
GLD000000035886,preliminary,5.07483869,52.03244238,1.25,2019-02-05,2024-05-01,6,GLD000000035886_preliminary.csv
GLD000000035887,preliminary,5.09611138,52.0504398,0.63,2017-02-24,2025-06-28,12,GLD000000035887_preliminary.csv
GLD000000035888,preliminary,5.09694938,52.02326178,1.01,2015-01-06,2024-04-30,10,GLD000000035888_preliminary.csv
GLD000000035890,preliminary,5.06702478,52.03143451,1.26,2017-12-14,2024-05-01,7,GLD000000035890_preliminary.csv
GLD000000035891,preliminary,5.07316876,52.04116183,1.62,2013-12-12,2024-04-30,10,GLD000000035891_preliminary.csv
GLD000000035892,preliminary,5.08815874,52.02644048,1.29,2017-12-04,2025-06-28,11,GLD000000035892_preliminary.csv
GLD000000035894,preliminary,5.06754455,52.02230663,1.06,2017-12-04,2025-06-28,11,GLD000000035894_preliminary.csv
GLD000000035895,preliminary,5.070513,52.028593,2.46,2021-07-27,2025-06-28,5,GLD000000035895_preliminary.csv
GLD000000035896,preliminary,5.07322831,52.05553669,1.01,2017-02-15,2025-06-28,12,GLD000000035896_preliminary.csv
GLD000000035897,preliminary,5.10346653,52.04233428,3.4,2019-11-12,2025-06-28,9,GLD000000035897_preliminary.csv
GLD000000035898,preliminary,5.08790932,52.05309324,1.03,2017-02-15,2025-06-28,12,GLD000000035898_preliminary.csv
GLD000000035900,preliminary,5.10545492,52.03001184,1.94,2009-08-13,2024-04-30,28,GLD000000035900_preliminary.csv
GLD000000035901,preliminary,5.07147613,52.02964169,1.17,2019-02-06,2020-07-07,2,GLD000000035901_preliminary.csv
GLD000000035902,preliminary,5.06721821,52.03883318,0.27,2013-12-12,2025-06-28,14,GLD000000035902_preliminary.csv
GLD000000035905,preliminary,5.10224194,52.04007801,1.04,2009-10-09,2024-04-30,29,GLD000000035905_preliminary.csv
GLD000000035906,preliminary,5.07691453,52.03086864,1.18,2009-10-09,2025-06-28,33,GLD000000035906_preliminary.csv
GLD000000035907,preliminary,5.07517643,52.03667669,1.88,2013-12-12,2025-06-28,14,GLD000000035907_preliminary.csv
GLD000000035908,preliminary,5.08167526,52.05522271,6.77,2009-08-13,2025-06-28,33,GLD000000035908_preliminary.csv
GLD000000035909,preliminary,5.09134653,52.04810722,1.06,2017-02-24,2025-06-27,11,GLD000000035909_preliminary.csv
GLD000000035911,preliminary,5.08955529,52.04322756,1.04,2017-02-21,2025-06-28,12,GLD000000035911_preliminary.csv
GLD000000035912,preliminary,5.096314338,52.020535883,2.01,2022-12-16,2025-06-28,4,GLD000000035912_preliminary.csv
GLD000000035913,preliminary,5.08367945,52.03250592,0.58,2017-12-04,2024-05-01,7,GLD000000035913_preliminary.csv
GLD000000035915,preliminary,5.09362744,52.02683173,0.85,2017-12-04,2025-06-28,11,GLD000000035915_preliminary.csv
GLD000000035916,preliminary,5.07097284,52.03798045,1.22,2013-12-12,2024-05-01,10,GLD000000035916_preliminary.csv
GLD000000035917,preliminary,5.09457156,52.02461041,0.5,2019-02-06,2025-06-28,10,GLD000000035917_preliminary.csv
GLD000000035918,preliminary,5.07655345,52.02157483,1.02,2009-10-09,2025-06-27,33,GLD000000035918_preliminary.csv
GLD000000035921,preliminary,5.08020943,52.05104843,0.19,2017-03-17,2024-04-30,8,GLD000000035921_preliminary.csv
GLD000000035923,preliminary,5.08678711,52.03064974,0.3,2017-12-04,2025-06-28,11,GLD000000035923_preliminary.csv
GLD000000035925,preliminary,5.08596522,52.04539177,6.39,2009-08-13,2024-04-30,29,GLD000000035925_preliminary.csv
GLD000000035927,preliminary,5.090977,52.021123,1.84,2021-07-27,2025-06-27,5,GLD000000035927_preliminary.csv
GLD000000035928,preliminary,5.102947975,52.026199331,1.2,2019-02-06,2025-06-28,10,GLD000000035928_preliminary.csv
GLD000000035930,preliminary,5.09029891,52.03219741,2.95,2019-02-11,2025-06-28,10,GLD000000035930_preliminary.csv
GLD000000035931,preliminary,5.06926453,52.04806773,0.72,2015-01-06,2025-06-28,14,GLD000000035931_preliminary.csv
GLD000000035932,preliminary,5.06680174,52.03429932,1.05,2017-12-04,2025-06-28,11,GLD000000035932_preliminary.csv
GLD000000035935,preliminary,5.0911622,52.02107674,6.44,2009-08-13,2025-06-28,33,GLD000000035935_preliminary.csv
GLD000000035937,preliminary,5.09112541,52.04031936,1.18,2015-01-07,2025-06-28,15,GLD000000035937_preliminary.csv
GLD000000035938,preliminary,5.09327165,52.03553586,1.01,2019-02-01,2025-06-28,10,GLD000000035938_preliminary.csv
GLD000000035939,preliminary,5.08167544,52.05519575,0.6,2009-08-13,2025-06-28,33,GLD000000035939_preliminary.csv
GLD000000035940,preliminary,5.09538097,52.0397062,1.02,2019-01-31,2024-04-30,6,GLD000000035940_preliminary.csv
GLD000000035941,preliminary,5.09208532,52.03421434,6.34,2019-02-07,2024-05-01,6,GLD000000035941_preliminary.csv
GLD000000035942,preliminary,5.10547643,52.02172213,1.1,2019-02-06,2024-04-30,6,GLD000000035942_preliminary.csv
GLD000000035947,preliminary,5.08596231,52.04539086,1.46,2009-08-13,2025-06-27,33,GLD000000035947_preliminary.csv
GLD000000035949,preliminary,5.10263413,52.03615924,0.74,2019-02-07,2024-10-07,8,GLD000000035949_preliminary.csv
GLD000000035950,preliminary,5.10293632,52.04158969,2.18,2017-12-04,2024-04-30,7,GLD000000035950_preliminary.csv
GLD000000035952,preliminary,5.07065968,52.04352169,0.86,2017-02-21,2025-06-28,12,GLD000000035952_preliminary.csv
GLD000000035954,preliminary,5.07722349,52.03086316,2.93,2017-02-21,2024-05-01,8,GLD000000035954_preliminary.csv
GLD000000035955,preliminary,5.10282143,52.04131977,2.09,2017-12-04,2025-06-28,11,GLD000000035955_preliminary.csv
GLD000000035956,preliminary,5.07947826,52.04585858,2.01,2015-01-06,2025-06-28,13,GLD000000035956_preliminary.csv
GLD000000035957,preliminary,5.07560574,52.03676591,1.96,2014-02-24,2023-09-22,9,GLD000000035957_preliminary.csv
GLD000000035960,preliminary,5.09614048,52.02061277,1.13,2017-12-04,2025-06-28,11,GLD000000035960_preliminary.csv
GLD000000035965,preliminary,5.08446779,52.04264746,0.82,2017-02-24,2024-04-30,16,GLD000000035965_preliminary.csv
GLD000000035967,preliminary,5.10130458,52.04695793,0.89,2017-02-24,2025-06-28,12,GLD000000035967_preliminary.csv
GLD000000035968,preliminary,5.09116084,52.02106236,0.16,2009-08-13,2024-04-30,29,GLD000000035968_preliminary.csv
GLD000000035969,preliminary,5.096393008,52.020536078,2.01,2022-12-16,2025-06-28,4,GLD000000035969_preliminary.csv
GLD000000035970,preliminary,5.08579965,52.04985125,0.54,2017-02-24,2025-06-28,12,GLD000000035970_preliminary.csv
GLD000000035972,preliminary,5.07909151,52.03215247,0.6,2017-12-04,2025-06-28,11,GLD000000035972_preliminary.csv
GLD000000035974,preliminary,5.09891853,52.02834761,0.66,2019-02-06,2025-06-28,10,GLD000000035974_preliminary.csv
GLD000000035975,preliminary,5.10318205,52.04191385,2.7,2017-12-04,2025-06-27,11,GLD000000035975_preliminary.csv
GLD000000035978,preliminary,5.09129294,52.03724315,2.69,2019-02-07,2025-06-28,10,GLD000000035978_preliminary.csv
GLD000000035979,preliminary,5.07933586,52.04324806,0.63,2017-02-21,2025-06-28,12,GLD000000035979_preliminary.csv
GLD000000035982,preliminary,5.10734745,52.03939905,0.86,2019-02-07,2024-04-30,6,GLD000000035982_preliminary.csv
GLD000000035983,preliminary,5.090919,52.021132,1.63,2021-07-27,2025-06-27,5,GLD000000035983_preliminary.csv
GLD000000035986,preliminary,5.06979658,52.04066923,1.11,2014-02-24,2025-06-28,14,GLD000000035986_preliminary.csv
GLD000000035987,preliminary,5.070499,52.028575,2.41,2021-07-27,2025-06-27,5,GLD000000035987_preliminary.csv
GLD000000035988,preliminary,5.10106113,52.02322779,1.04,2019-02-06,2025-06-28,10,GLD000000035988_preliminary.csv
GLD000000035989,preliminary,5.10877933,52.03390441,1.43,2019-02-06,2025-06-28,10,GLD000000035989_preliminary.csv
GLD000000035990,preliminary,5.07483334,52.05201941,1.08,2017-02-15,2025-06-28,12,GLD000000035990_preliminary.csv
GLD000000035992,preliminary,5.07724085,52.02519348,1.03,2015-01-06,2025-06-28,13,GLD000000035992_preliminary.csv
GLD000000035993,preliminary,5.0760516,52.03699089,1.25,2013-12-12,2024-05-01,10,GLD000000035993_preliminary.csv
GLD000000035994,preliminary,5.0813082,52.03638986,0.98,2019-02-05,2025-06-27,10,GLD000000035994_preliminary.csv
GLD000000035995,preliminary,5.071792,52.029136,1.94,2021-07-27,2025-06-28,5,GLD000000035995_preliminary.csv
GLD000000035996,preliminary,5.09981497,52.03261557,1.3,2019-01-31,2024-04-30,6,GLD000000035996_preliminary.csv
GLD000000038896,preliminary,5.00313497,52.07872983,1.09,2023-06-09,2026-06-01,41,GLD000000038896_preliminary.csv
GLD000000038897,preliminary,5.02308709,52.07454982,1.47,2023-06-09,2026-06-01,42,GLD000000038897_preliminary.csv
GLD000000038898,preliminary,5.00282663,52.07998177,1.65,2023-06-09,2026-06-01,42,GLD000000038898_preliminary.csv
GLD000000038899,preliminary,5.02429028,52.0760123,2.83,2023-06-15,2026-06-01,42,GLD000000038899_preliminary.csv
GLD000000038900,preliminary,5.002109976,52.07775531,1.5,2023-06-15,2025-03-24,23,GLD000000038900_preliminary.csv
GLD000000038901,preliminary,5.01822297,52.07520432,1.41,2023-06-09,2026-06-01,42,GLD000000038901_preliminary.csv
GLD000000038902,preliminary,5.021872271,52.073682744,1.5,2023-06-15,2025-02-23,25,GLD000000038902_preliminary.csv
GLD000000038903,preliminary,5.0082048,52.07728296,1.3,2023-06-09,2024-07-10,14,GLD000000038903_preliminary.csv
GLD000000038904,preliminary,5.01766774,52.07637823,1.27,2023-06-15,2026-06-01,42,GLD000000038904_preliminary.csv
GLD000000038905,preliminary,5.0129396,52.07626355,1.36,2023-06-09,2026-06-01,42,GLD000000038905_preliminary.csv
GLD000000038906,preliminary,5.011249452,52.075773794,1.5,2023-06-15,2026-06-01,36,GLD000000038906_preliminary.csv
GLD000000038911,preliminary,5.119537259,52.06790725,2.0,2023-07-04,2026-06-01,39,GLD000000038911_preliminary.csv
GLD000000038912,preliminary,5.124567944,52.073914397,1.95,2023-07-04,2026-06-01,38,GLD000000038912_preliminary.csv
GLD000000038913,preliminary,5.124471103,52.073664044,1.98,2023-07-04,2026-06-01,38,GLD000000038913_preliminary.csv
GLD000000038914,preliminary,5.12435916,52.074172519,2.0,2023-07-04,2026-06-01,37,GLD000000038914_preliminary.csv
GLD000000038915,preliminary,5.116914547,52.062240136,2.0,2023-07-04,2026-06-01,33,GLD000000038915_preliminary.csv
GLD000000038916,preliminary,5.117093464,52.062217177,2.0,2023-07-04,2026-06-01,40,GLD000000038916_preliminary.csv
GLD000000038923,preliminary,5.099633601,52.067907796,1.5,2023-01-18,2026-06-01,29,GLD000000038923_preliminary.csv
GLD000000038924,preliminary,5.099501422,52.068051283,1.5,2023-01-18,2026-06-01,25,GLD000000038924_preliminary.csv
GLD000000038925,preliminary,5.099798995,52.067747222,1.1,2023-01-18,2026-06-01,29,GLD000000038925_preliminary.csv
GLD000000038926,preliminary,5.092981473,52.069264238,0.8,2023-01-19,2026-06-01,26,GLD000000038926_preliminary.csv
GLD000000038927,preliminary,5.09154747,52.070552241,1.0,2023-01-19,2026-06-01,29,GLD000000038927_preliminary.csv
GLD000000042136,fully_assessed,5.06570824,52.14953988,0.3,2014-03-20,2024-03-25,19,GLD000000042136_fully_assessed.csv
GLD000000042142,fully_assessed,5.08492989,52.15908203,2.0,2020-09-08,2024-03-25,2,GLD000000042142_fully_assessed.csv
GLD000000042560,fully_assessed,5.147957419,52.09616166,1.95,2025-06-04,2026-06-27,6,GLD000000042560_fully_assessed.csv
GLD000000048058,fully_assessed,4.96097975,52.08802616,2.11,2021-01-01,2024-11-14,1419,GLD000000048058_fully_assessed.csv
GLD000000048079,fully_assessed,4.96200232,52.09096898,2.77,2021-01-01,2024-11-14,1419,GLD000000048079_fully_assessed.csv
GLD000000048093,fully_assessed,4.9659203,52.09018309,1.1,2021-01-01,2024-11-14,1420,GLD000000048093_fully_assessed.csv
GLD000000048104,fully_assessed,4.95840623,52.09469503,2.1,2021-01-01,2024-11-14,1419,GLD000000048104_fully_assessed.csv
GLD000000048111,fully_assessed,4.94746557,52.09725232,2.04,2021-01-01,2024-11-14,1418,GLD000000048111_fully_assessed.csv
GLD000000048119,fully_assessed,4.96240857,52.08506523,1.32,2021-01-01,2024-11-14,1417,GLD000000048119_fully_assessed.csv
GLD000000049810,preliminary,5.249358417,52.081640309,2.11,2021-02-16,2023-03-03,2,GLD000000049810_preliminary.csv
GLD000000049814,fully_assessed,5.244484794,52.080590082,2.28,2021-02-16,2025-06-02,8,GLD000000049814_fully_assessed.csv
GLD000000062624,preliminary,5.121990775,52.022900138,1.04,2024-05-15,2025-06-28,4,GLD000000062624_preliminary.csv
GLD000000062625,preliminary,5.102920503,52.047296187,1.11,2024-05-01,2025-06-27,4,GLD000000062625_preliminary.csv
GLD000000062626,preliminary,5.085055138,52.034659401,1.66,2024-04-30,2025-06-28,4,GLD000000062626_preliminary.csv
GLD000000062627,preliminary,5.08819875,52.033326386,0.99,2024-04-30,2025-06-28,4,GLD000000062627_preliminary.csv
GLD000000062628,preliminary,5.084173575,52.02774615,2.61,2024-07-04,2025-06-28,4,GLD000000062628_preliminary.csv
GLD000000062630,preliminary,5.083321922,52.040526893,2.06,2024-04-30,2025-06-28,4,GLD000000062630_preliminary.csv
GLD000000062631,preliminary,5.111897949,52.047184463,2.03,2024-05-01,2025-06-28,4,GLD000000062631_preliminary.csv
GLD000000062889,fully_assessed,4.95478722,52.09167078,1.41,2021-01-01,2024-11-14,1413,GLD000000062889_fully_assessed.csv
GLD000000064590,fully_assessed,4.94309323,52.09960881,1.98,2021-01-01,2024-11-14,1411,GLD000000064590_fully_assessed.csv
GLD000000064619,fully_assessed,5.09071078,52.14681003,0.44,2007-05-15,2025-04-01,11,GLD000000064619_fully_assessed.csv
GLD000000064624,fully_assessed,5.12964441,52.13187332,0.21,2015-12-16,2024-03-25,7,GLD000000064624_fully_assessed.csv
GLD000000066209,fully_assessed,4.96662982,52.08765995,2.11,2021-01-01,2024-11-14,1057,GLD000000066209_fully_assessed.csv
GLD000000066468,fully_assessed,4.949227736,52.146819297,1.32,2021-02-12,2024-11-12,918,GLD000000066468_fully_assessed.csv
GLD000000066471,fully_assessed,5.041633228,52.139620951,3.38,2021-01-01,2025-01-31,770,GLD000000066471_fully_assessed.csv
GLD000000066475,fully_assessed,5.079426926,52.139051417,1.7,2021-01-01,2024-06-30,821,GLD000000066475_fully_assessed.csv
GLD000000066476,fully_assessed,5.030678676,52.126654545,1.19,2021-02-12,2025-01-31,966,GLD000000066476_fully_assessed.csv
GLD000000066478,fully_assessed,5.041633158,52.139629939,0.1,2024-02-26,2024-02-26,2,GLD000000066478_fully_assessed.csv
GLD000000066479,fully_assessed,4.954985787,52.149662776,3.3,2021-02-12,2024-11-12,797,GLD000000066479_fully_assessed.csv
GLD000000066482,fully_assessed,4.950916041,52.151966724,2.56,2021-01-01,2024-11-12,477,GLD000000066482_fully_assessed.csv
GLD000000066483,fully_assessed,5.059083842,52.126431317,2.98,2021-02-16,2025-01-31,480,GLD000000066483_fully_assessed.csv
GLD000000066484,fully_assessed,5.0682196,52.143632545,2.66,2021-01-01,2024-06-30,805,GLD000000066484_fully_assessed.csv
GLD000000066487,fully_assessed,5.039999279,52.144991015,2.94,2024-02-27,2024-02-27,2,GLD000000066487_fully_assessed.csv
GLD000000066490,fully_assessed,5.050382461,52.143591994,2.5,2021-01-01,2025-01-31,1071,GLD000000066490_fully_assessed.csv
GLD000000066495,fully_assessed,5.043933062,52.133075362,2.01,2024-02-26,2024-02-26,2,GLD000000066495_fully_assessed.csv
GLD000000066500,fully_assessed,5.012284852,52.132853258,3.51,2024-02-26,2024-02-26,2,GLD000000066500_fully_assessed.csv
GLD000000066501,fully_assessed,4.949221282,52.148967422,2.12,2024-03-27,2024-11-12,137,GLD000000066501_fully_assessed.csv
GLD000000066502,fully_assessed,5.012341094,52.140079844,1.03,2021-02-12,2025-01-31,920,GLD000000066502_fully_assessed.csv
GLD000000066504,fully_assessed,5.039069281,52.1387236,2.38,2021-01-01,2025-01-31,985,GLD000000066504_fully_assessed.csv
GLD000000066505,fully_assessed,5.017913083,52.130462196,1.51,2021-01-01,2025-01-31,411,GLD000000066505_fully_assessed.csv
GLD000000066510,fully_assessed,5.067505381,52.127065609,2.05,2021-01-01,2025-01-31,526,GLD000000066510_fully_assessed.csv
GLD000000066511,fully_assessed,5.056664813,52.135619364,2.45,2021-01-01,2025-01-31,894,GLD000000066511_fully_assessed.csv
GLD000000066514,fully_assessed,5.041183987,52.148589714,2.13,2021-01-01,2025-01-31,702,GLD000000066514_fully_assessed.csv
GLD000000066515,fully_assessed,5.034948271,52.138945066,2.27,2021-01-01,2025-01-31,1005,GLD000000066515_fully_assessed.csv
GLD000000066518,fully_assessed,5.026693156,52.137374198,2.12,2021-01-01,2025-01-31,531,GLD000000066518_fully_assessed.csv
GLD000000066519,fully_assessed,4.953075034,52.147822198,1.05,2021-02-05,2024-11-12,578,GLD000000066519_fully_assessed.csv
GLD000000066595,fully_assessed,5.05532401,52.15882276,2.0,2013-11-22,2025-05-08,10,GLD000000066595_fully_assessed.csv
GLD000000067155,fully_assessed,5.142942377,52.066333612,1.39,2020-01-01,2022-12-31,1070,GLD000000067155_fully_assessed.csv
GLD000000067157,fully_assessed,5.15312572,52.059990725,3.71,2020-01-01,2022-12-31,1090,GLD000000067157_fully_assessed.csv
GLD000000067158,fully_assessed,5.155102333,52.072488008,0.83,2020-01-01,2022-12-31,981,GLD000000067158_fully_assessed.csv
GLD000000067161,fully_assessed,5.146330398,52.068183129,6.83,2020-01-01,2022-12-31,1091,GLD000000067161_fully_assessed.csv
GLD000000067163,fully_assessed,5.159786556,52.074914912,3.45,2020-01-01,2022-12-31,1085,GLD000000067163_fully_assessed.csv
GLD000000067164,fully_assessed,5.153372584,52.0713521,1.74,2020-01-01,2022-12-31,1093,GLD000000067164_fully_assessed.csv
GLD000000067167,fully_assessed,5.155174607,52.072613983,0.66,2020-01-01,2022-12-31,980,GLD000000067167_fully_assessed.csv
GLD000000067171,fully_assessed,5.161822626,52.067422803,1.18,2020-01-01,2022-12-31,1068,GLD000000067171_fully_assessed.csv
GLD000000067172,fully_assessed,5.151575385,52.066423079,5.88,2020-01-01,2022-12-31,1091,GLD000000067172_fully_assessed.csv
GLD000000067174,fully_assessed,5.141885867,52.064857379,3.23,2020-01-01,2022-12-31,1090,GLD000000067174_fully_assessed.csv
GLD000000067175,fully_assessed,5.154727954,52.054708922,5.84,2020-01-01,2022-12-31,1091,GLD000000067175_fully_assessed.csv
GLD000000067176,fully_assessed,5.137139709,52.068658348,4.95,2020-01-01,2022-12-31,1089,GLD000000067176_fully_assessed.csv
GLD000000067177,fully_assessed,5.161536533,52.063422579,3.88,2020-01-01,2022-12-31,1080,GLD000000067177_fully_assessed.csv
GLD000000067180,preliminary,5.168035861,52.091153945,0.78,2021-03-18,2021-03-18,2,GLD000000067180_preliminary.csv
GLD000000067181,fully_assessed,5.147716542,52.065336741,4.68,2020-01-01,2022-12-31,1091,GLD000000067181_fully_assessed.csv
GLD000000067183,fully_assessed,5.163706415,52.05816871,5.77,2020-01-01,2022-12-31,1085,GLD000000067183_fully_assessed.csv
GLD000000067184,preliminary,5.163491334,52.092457669,1.44,2021-03-18,2021-03-18,2,GLD000000067184_preliminary.csv
GLD000000067185,fully_assessed,5.152164149,52.070945237,1.29,2020-01-01,2022-12-31,979,GLD000000067185_fully_assessed.csv
GLD000000067186,fully_assessed,5.148505538,52.070524442,4.87,2020-01-01,2022-12-31,1090,GLD000000067186_fully_assessed.csv
GLD000000067187,preliminary,5.161447236,52.092696452,1.97,2021-03-18,2021-03-18,2,GLD000000067187_preliminary.csv
GLD000000067190,fully_assessed,5.150434439,52.069827262,2.71,2020-01-01,2022-12-30,1072,GLD000000067190_fully_assessed.csv
GLD000000067191,fully_assessed,5.148151878,52.079394925,4.72,2020-01-01,2022-12-31,1087,GLD000000067191_fully_assessed.csv
GLD000000067192,fully_assessed,5.136557844,52.0345294,3.81,2020-01-01,2022-12-31,1090,GLD000000067192_fully_assessed.csv
GLD000000067193,fully_assessed,5.147341678,52.061812664,4.45,2020-01-01,2022-12-31,1089,GLD000000067193_fully_assessed.csv
GLD000000067195,preliminary,5.149303672,52.057565291,1.15,2021-03-18,2021-03-18,2,GLD000000067195_preliminary.csv
GLD000000067196,fully_assessed,5.140486771,52.075280596,3.51,2020-01-01,2022-12-31,1089,GLD000000067196_fully_assessed.csv
GLD000000067199,fully_assessed,5.135918269,52.060215969,4.93,2020-01-01,2022-12-31,1077,GLD000000067199_fully_assessed.csv
GLD000000067200,fully_assessed,5.181557846,52.076258165,4.6,2020-01-01,2022-12-31,1090,GLD000000067200_fully_assessed.csv
GLD000000067201,fully_assessed,5.153915699,52.070688061,0.84,2020-01-01,2022-12-31,1073,GLD000000067201_fully_assessed.csv
GLD000000067202,fully_assessed,5.154186635,52.0634712,3.92,2020-01-01,2022-12-31,1081,GLD000000067202_fully_assessed.csv
GLD000000067203,fully_assessed,5.157536338,52.069994098,0.71,2020-01-01,2022-12-31,1091,GLD000000067203_fully_assessed.csv
GLD000000067204,fully_assessed,5.166289028,52.069624338,0.79,2020-01-01,2022-12-31,1092,GLD000000067204_fully_assessed.csv
GLD000000067205,fully_assessed,5.14428171,52.066767805,2.44,2020-01-01,2022-12-31,1088,GLD000000067205_fully_assessed.csv
GLD000000067206,fully_assessed,5.156621168,52.066451027,1.26,2020-01-01,2022-12-31,1071,GLD000000067206_fully_assessed.csv
GLD000000067207,preliminary,5.158800758,52.093733972,1.24,2021-03-18,2021-03-18,2,GLD000000067207_preliminary.csv
GLD000000067209,fully_assessed,5.151017114,52.058907955,4.95,2020-01-01,2022-12-31,1089,GLD000000067209_fully_assessed.csv
GLD000000067210,fully_assessed,5.144380085,52.064763672,5.56,2020-01-01,2022-12-31,1089,GLD000000067210_fully_assessed.csv
GLD000000067211,fully_assessed,5.146329334,52.062961071,5.71,2020-01-01,2022-12-31,1074,GLD000000067211_fully_assessed.csv
GLD000000067212,fully_assessed,5.145065333,52.06748846,4.91,2020-01-01,2022-12-31,1066,GLD000000067212_fully_assessed.csv
GLD000000067215,fully_assessed,5.143745507,52.068824962,0.71,2020-01-01,2022-12-31,1092,GLD000000067215_fully_assessed.csv
GLD000000067216,fully_assessed,5.143096151,52.059529975,6.04,2020-01-01,2022-12-31,1090,GLD000000067216_fully_assessed.csv
GLD000000067231,preliminary,5.102635742,52.036133164,2.12,2024-11-08,2025-06-28,2,GLD000000067231_preliminary.csv
GLD000000068456,fully_assessed,5.05532401,52.15882276,0.0,2017-06-01,2025-04-16,8,GLD000000068456_fully_assessed.csv
GLD000000070322,fully_assessed,5.249137936,52.057580892,1.5,2021-07-08,2025-05-20,2,GLD000000070322_fully_assessed.csv
GLD000000070323,fully_assessed,5.242147505,52.073013906,1.25,2021-07-07,2025-05-20,2,GLD000000070323_fully_assessed.csv
GLD000000070328,fully_assessed,5.120695867,52.138504635,1.16,2020-05-13,2024-03-25,1,GLD000000070328_fully_assessed.csv
GLD000000071049,fully_assessed,5.054038435,52.021570812,2.33,2023-05-16,2024-05-30,387,GLD000000071049_fully_assessed.csv
GLD000000071055,fully_assessed,5.052855415,52.021962941,2.14,2023-05-16,2024-05-30,387,GLD000000071055_fully_assessed.csv
GLD000000071060,fully_assessed,5.05151299,52.022237757,2.37,2023-05-16,2024-05-30,387,GLD000000071060_fully_assessed.csv
GLD000000079396,fully_assessed,5.14181689,52.069459117,3.85,2020-01-01,2022-12-20,372,GLD000000079396_fully_assessed.csv
GLD000000079397,fully_assessed,5.141561722,52.060146964,4.91,2020-01-01,2022-12-30,1075,GLD000000079397_fully_assessed.csv
GLD000000079482,fully_assessed,5.153167063,52.068817066,2.15,2020-01-01,2022-12-31,982,GLD000000079482_fully_assessed.csv
GLD000000079483,fully_assessed,5.152917108,52.069203056,1.51,2020-01-01,2022-12-31,1090,GLD000000079483_fully_assessed.csv
GLD000000079484,fully_assessed,5.151512135,52.070126025,2.0,2020-01-01,2022-12-31,983,GLD000000079484_fully_assessed.csv
GLD000000079485,fully_assessed,5.152290742,52.071835305,1.62,2020-01-01,2022-12-31,1087,GLD000000079485_fully_assessed.csv
GLD000000079510,preliminary,5.150213985,52.071770213,2.08,2021-04-06,2021-04-21,2,GLD000000079510_preliminary.csv
GLD000000079546,fully_assessed,5.151733884,52.069560222,3.12,2020-01-01,2022-12-31,974,GLD000000079546_fully_assessed.csv
GLD000000079547,fully_assessed,5.145628242,52.071141905,4.74,2020-01-01,2022-12-31,1091,GLD000000079547_fully_assessed.csv
GLD000000079549,preliminary,5.151696532,52.071115077,2.09,2021-04-06,2021-04-21,2,GLD000000079549_preliminary.csv
GLD000000079566,fully_assessed,5.152070507,52.069336192,3.04,2020-01-01,2022-12-19,352,GLD000000079566_fully_assessed.csv
GLD000000079567,fully_assessed,5.150504415,52.070384661,1.1,2020-01-01,2022-12-19,373,GLD000000079567_fully_assessed.csv
GLD000000079568,fully_assessed,5.153665223,52.071172919,1.14,2020-01-01,2022-12-31,984,GLD000000079568_fully_assessed.csv
GLD000000081179,fully_assessed,4.959817009,52.087554559,2.13,2022-11-30,2024-11-14,721,GLD000000081179_fully_assessed.csv
GLD000000081180,fully_assessed,4.960827496,52.087162738,2.09,2022-11-30,2024-11-14,721,GLD000000081180_fully_assessed.csv
GLD000000081189,fully_assessed,4.960896165,52.087612394,2.14,2022-11-30,2024-11-14,721,GLD000000081189_fully_assessed.csv
GLD000000081207,fully_assessed,4.960851795,52.08767515,1.98,2022-11-30,2024-11-14,586,GLD000000081207_fully_assessed.csv
GLD000000081309,fully_assessed,4.959953555,52.087006776,2.1,2022-11-30,2023-11-17,351,GLD000000081309_fully_assessed.csv
GLD000000081346,fully_assessed,4.960813848,52.087063819,2.11,2022-11-30,2023-11-17,351,GLD000000081346_fully_assessed.csv
GLD000000081347,fully_assessed,4.960810851,52.087378393,1.58,2022-11-30,2023-11-17,351,GLD000000081347_fully_assessed.csv
GLD000000081849,unknown,4.932147538,52.158394227,0.99,2018-03-21,2020-10-15,4,GLD000000081849_unknown.csv
GLD000000081850,unknown,4.933827863,52.15554249,1.54,2018-03-21,2020-10-31,3,GLD000000081850_unknown.csv
GLD000000109050,unknown,5.026693083,52.137383186,2.14,2016-08-01,2020-12-26,5,GLD000000109050_unknown.csv
GLD000000109052,unknown,5.059083776,52.126440305,2.83,2016-08-01,2020-07-11,2,GLD000000109052_unknown.csv
GLD000000109087,unknown,5.030678604,52.126663533,1.14,2017-01-01,2020-07-03,4,GLD000000109087_unknown.csv
GLD000000109383,unknown,5.056664746,52.135628352,2.45,2016-08-01,2020-12-26,5,GLD000000109383_unknown.csv
GLD000000109449,unknown,4.950945351,52.151957844,2.63,2016-08-01,2020-12-26,5,GLD000000109449_unknown.csv
GLD000000109519,unknown,5.017913009,52.130471184,1.54,2016-08-01,2020-12-26,5,GLD000000109519_unknown.csv
GLD000000109520,unknown,5.012341018,52.140088831,1.03,2016-08-01,2020-04-07,5,GLD000000109520_unknown.csv
GLD000000109538,unknown,5.0349482,52.138954054,2.24,2016-08-01,2020-12-26,5,GLD000000109538_unknown.csv
GLD000000109540,unknown,5.041183917,52.148598701,2.14,2016-08-01,2020-12-26,5,GLD000000109540_unknown.csv
GLD000000109949,unknown,5.050382393,52.143600982,2.47,2016-08-01,2020-12-26,5,GLD000000109949_unknown.csv
GLD000000109987,unknown,4.953074946,52.147831186,1.08,2016-08-01,2020-12-26,5,GLD000000109987_unknown.csv
GLD000000110075,unknown,4.9549857,52.149671764,3.02,2016-08-01,2020-12-26,5,GLD000000110075_unknown.csv
GLD000000121723,preliminary,5.20132777,52.057551,2.5,2000-05-15,2020-12-31,5,GLD000000121723_preliminary.csv
GLD000000121724,fully_assessed,5.20132777,52.057551,2.5,2021-01-01,2026-08-10,6,GLD000000121724_fully_assessed.csv
GLD000000121868,preliminary,5.14157266,52.13526028,1.98,1981-03-03,2020-12-31,5,GLD000000121868_preliminary.csv
GLD000000121911,fully_assessed,5.14157266,52.13526028,1.98,2021-01-01,2026-07-21,5,GLD000000121911_fully_assessed.csv
GLD000000122330,preliminary,5.19600018,52.10667104,5.0,2003-01-28,2020-12-31,5,GLD000000122330_preliminary.csv
GLD000000122331,fully_assessed,5.19600018,52.10667104,5.0,2021-01-01,2026-08-04,5,GLD000000122331_fully_assessed.csv
GLD000000123002,preliminary,5.02092547,52.08541426,4.5,2007-01-30,2020-12-31,5,GLD000000123002_preliminary.csv
GLD000000123003,fully_assessed,5.02092547,52.08541426,4.5,2021-01-01,2026-07-20,5,GLD000000123003_fully_assessed.csv
GLD000000123025,preliminary,5.0208828,52.08527931,0.82,2007-01-30,2020-12-31,5,GLD000000123025_preliminary.csv
GLD000000123066,fully_assessed,5.0208828,52.08527931,0.82,2021-01-01,2026-07-20,5,GLD000000123066_fully_assessed.csv
GLD000000123896,preliminary,5.02095258,52.08548895,1.06,2007-01-30,2020-07-09,5,GLD000000123896_preliminary.csv
GLD000000123897,fully_assessed,5.02095258,52.08548895,1.06,2021-01-12,2026-07-20,5,GLD000000123897_fully_assessed.csv
GLD000000124847,preliminary,5.18825939,52.02236203,8.0,1974-08-16,2020-12-31,5,GLD000000124847_preliminary.csv
GLD000000124848,fully_assessed,5.18825939,52.02236203,8.0,2021-01-01,2026-08-07,5,GLD000000124848_fully_assessed.csv
GLD000000125014,preliminary,5.1388212,52.13099417,2.14,1981-03-03,2020-12-31,5,GLD000000125014_preliminary.csv
GLD000000125015,fully_assessed,5.1388212,52.13099417,2.14,2021-01-01,2026-07-21,6,GLD000000125015_fully_assessed.csv
GLD000000125052,fully_assessed,5.06126894,52.10713098,4.9,2022-05-24,2026-07-20,5,GLD000000125052_fully_assessed.csv
GLD000000125241,preliminary,5.24814906,52.09712976,6.0,1973-01-17,2020-12-31,7,GLD000000125241_preliminary.csv
GLD000000125242,preliminary,5.24814906,52.09712976,6.0,2021-01-01,2025-05-08,3,GLD000000125242_preliminary.csv
GLD000000126125,preliminary,4.96062025,52.03546194,1.74,1968-01-29,2020-12-31,5,GLD000000126125_preliminary.csv
GLD000000126126,fully_assessed,4.96062025,52.03546194,1.74,2021-01-01,2026-07-27,6,GLD000000126126_fully_assessed.csv
GLD000000126129,preliminary,5.23457346,52.11271347,7.0,1956-03-28,2020-12-31,5,GLD000000126129_preliminary.csv
GLD000000126130,fully_assessed,5.23457346,52.11271347,7.0,2021-01-01,2026-08-04,6,GLD000000126130_fully_assessed.csv
GLD000000126139,preliminary,5.19783701,52.10377985,8.0,1971-06-02,2020-12-31,5,GLD000000126139_preliminary.csv
GLD000000126140,fully_assessed,5.19783701,52.10377985,8.0,2021-01-01,2026-08-04,6,GLD000000126140_fully_assessed.csv
GLD000000126146,preliminary,5.21774167,52.0875014,2.7,1956-03-28,2020-12-31,5,GLD000000126146_preliminary.csv
GLD000000126147,fully_assessed,5.21774167,52.0875014,2.7,2021-01-01,2026-08-10,5,GLD000000126147_fully_assessed.csv
GLD000000126152,preliminary,5.20984772,52.10051073,4.5,1971-06-02,2020-12-31,5,GLD000000126152_preliminary.csv
GLD000000126153,fully_assessed,5.20984772,52.10051073,4.5,2021-01-01,2026-08-04,6,GLD000000126153_fully_assessed.csv
GLD000000126361,preliminary,5.20587121,52.11118519,8.0,2017-11-02,2020-12-31,3,GLD000000126361_preliminary.csv
GLD000000126362,fully_assessed,5.20587121,52.11118519,8.0,2021-01-01,2026-08-04,6,GLD000000126362_fully_assessed.csv
GLD000000126473,preliminary,5.21373261,52.11112064,5.03,1957-07-01,2020-12-31,5,GLD000000126473_preliminary.csv
GLD000000126474,fully_assessed,5.21373261,52.11112064,5.03,2021-01-01,2026-08-05,5,GLD000000126474_fully_assessed.csv
GLD000000126678,fully_assessed,4.95607253,52.07761532,7.12,2003-10-30,2021-01-01,6,GLD000000126678_fully_assessed.csv
GLD000000126679,fully_assessed,4.95607253,52.07761532,7.12,2021-01-01,2026-07-24,7,GLD000000126679_fully_assessed.csv
GLD000000126690,preliminary,4.97821881,52.03424443,2.0,2006-06-14,2020-12-31,5,GLD000000126690_preliminary.csv
GLD000000126691,fully_assessed,4.97821881,52.03424443,2.0,2021-01-01,2026-07-27,5,GLD000000126691_fully_assessed.csv
GLD000000126724,fully_assessed,5.02104102,52.08537867,0.92,2007-01-30,2021-01-01,6,GLD000000126724_fully_assessed.csv
GLD000000126725,fully_assessed,5.02104102,52.08537867,0.92,2018-11-22,2026-07-20,7,GLD000000126725_fully_assessed.csv
GLD000000127272,fully_assessed,5.220877889,52.133965255,3.97,2024-08-16,2026-07-21,4,GLD000000127272_fully_assessed.csv
GLD000000127326,preliminary,5.19530187,52.05645648,1.5,2009-06-12,2020-12-31,4,GLD000000127326_preliminary.csv
GLD000000127327,preliminary,5.19530187,52.05645648,1.5,2021-01-01,2021-11-04,3,GLD000000127327_preliminary.csv
GLD000000127360,preliminary,5.20570291,52.1256962,3.91,1956-03-28,2020-12-31,8,GLD000000127360_preliminary.csv
GLD000000127361,preliminary,5.20570291,52.1256962,3.91,2021-01-01,2021-11-01,2,GLD000000127361_preliminary.csv
GLD000000128806,preliminary,5.19984494,52.09482197,7.0,1956-03-28,2020-11-02,5,GLD000000128806_preliminary.csv
GLD000000128807,fully_assessed,5.19984494,52.09482197,7.0,2021-02-01,2026-08-04,5,GLD000000128807_fully_assessed.csv
GLD000000128854,preliminary,4.99488323,52.10646609,2.5,1967-04-28,2020-12-31,7,GLD000000128854_preliminary.csv
GLD000000128855,fully_assessed,4.99488323,52.10646609,2.5,2021-01-01,2026-07-24,5,GLD000000128855_fully_assessed.csv
GLD000000129342,fully_assessed,5.2295073,52.08796268,8.0,2024-01-29,2026-08-10,4,GLD000000129342_fully_assessed.csv
GLD000000129373,preliminary,5.22086836,52.13152491,3.5,1992-01-14,2020-12-31,8,GLD000000129373_preliminary.csv
GLD000000129374,fully_assessed,5.22086836,52.13152491,3.5,2021-01-01,2026-07-21,6,GLD000000129374_fully_assessed.csv
GLD000000129376,preliminary,5.14000606,52.1332976,2.05,1981-05-19,2020-12-31,5,GLD000000129376_preliminary.csv
GLD000000129377,fully_assessed,5.14000606,52.1332976,2.05,2021-01-01,2026-07-21,5,GLD000000129377_fully_assessed.csv
GLD000000130098,preliminary,4.99134071,52.07840681,1.74,1964-01-28,2020-12-31,5,GLD000000130098_preliminary.csv
GLD000000130099,fully_assessed,4.99134071,52.07840681,1.74,2021-01-01,2026-07-24,5,GLD000000130099_fully_assessed.csv
GLD000000130158,preliminary,5.202445991,52.136422922,5.71,1956-03-28,2020-12-31,8,GLD000000130158_preliminary.csv
GLD000000130159,preliminary,5.202445991,52.136422922,5.71,2021-01-01,2025-10-21,4,GLD000000130159_preliminary.csv
GLD000000130163,preliminary,5.21932214,52.13101938,3.5,1992-01-14,2020-12-31,7,GLD000000130163_preliminary.csv
GLD000000130164,fully_assessed,5.21932214,52.13101938,3.5,2021-01-01,2026-07-21,5,GLD000000130164_fully_assessed.csv
GLD000000131079,preliminary,5.18913737,52.10719899,7.0,1971-06-02,2020-12-31,5,GLD000000131079_preliminary.csv
GLD000000131080,fully_assessed,5.18913737,52.10719899,7.0,2021-01-01,2026-08-04,6,GLD000000131080_fully_assessed.csv
GLD000000132471,fully_assessed,5.02079416,52.08541386,1.11,2021-01-01,2026-07-20,5,GLD000000132471_fully_assessed.csv
GLD000000132529,preliminary,5.1886578,52.06199916,5.0,2021-01-01,2026-08-10,4,GLD000000132529_preliminary.csv
GLD000000132650,fully_assessed,5.20294087,52.10846175,7.0,2024-01-24,2026-08-04,4,GLD000000132650_fully_assessed.csv
GLD000000132699,preliminary,5.1886578,52.06199916,5.0,1999-08-26,2020-12-31,7,GLD000000132699_preliminary.csv
GLD000000132731,preliminary,5.02079416,52.08541386,1.11,2007-01-30,2020-12-31,5,GLD000000132731_preliminary.csv
GLD000000143023,preliminary,4.960827496,52.087162738,2.09,2022-11-30,2026-03-09,8,GLD000000143023_preliminary.csv
GLD000000143030,preliminary,4.947512602,52.097458042,2.0,2025-05-08,2026-08-13,391,GLD000000143030_preliminary.csv
GLD000000143031,preliminary,4.969637318,52.087842034,3.31,2025-06-19,2026-08-13,339,GLD000000143031_preliminary.csv
GLD000000143035,preliminary,4.964333045,52.096994276,2.49,2025-05-08,2026-08-13,391,GLD000000143035_preliminary.csv
GLD000000143049,preliminary,4.95840623,52.09469503,2.1,2012-03-29,2026-03-09,18,GLD000000143049_preliminary.csv
GLD000000143052,preliminary,4.96200232,52.09096898,2.77,2012-03-29,2026-03-09,18,GLD000000143052_preliminary.csv
GLD000000143071,preliminary,4.9547479,52.08517221,1.63,2012-03-29,2026-03-09,20,GLD000000143071_preliminary.csv
GLD000000143073,preliminary,4.960851795,52.08767515,1.98,2022-11-30,2026-03-09,8,GLD000000143073_preliminary.csv
GLD000000143090,preliminary,4.960896165,52.087612394,2.14,2022-11-30,2026-03-09,8,GLD000000143090_preliminary.csv
GLD000000143091,preliminary,4.96240857,52.08506523,1.32,2012-03-29,2026-06-18,32,GLD000000143091_preliminary.csv
GLD000000143105,preliminary,4.96662982,52.08765995,2.11,2012-03-29,2026-03-11,17,GLD000000143105_preliminary.csv
GLD000000143110,preliminary,4.9659203,52.09018309,1.1,2012-03-29,2026-03-09,18,GLD000000143110_preliminary.csv
GLD000000143118,preliminary,4.959817009,52.087554559,2.13,2022-11-30,2026-03-09,8,GLD000000143118_preliminary.csv
GLD000000143125,preliminary,4.95478722,52.09167078,1.41,2012-03-29,2026-03-24,28,GLD000000143125_preliminary.csv
GLD000000143133,preliminary,4.96097975,52.08802616,2.11,2012-03-29,2026-08-13,78,GLD000000143133_preliminary.csv
GLD000000143266,preliminary,5.026693156,52.137374198,2.12,2016-07-14,2026-08-06,46,GLD000000143266_preliminary.csv
GLD000000143269,preliminary,5.039069281,52.1387236,2.38,2020-04-14,2026-08-10,44,GLD000000143269_preliminary.csv
GLD000000143271,preliminary,5.012341094,52.140079844,1.03,2016-07-14,2026-08-06,46,GLD000000143271_preliminary.csv
GLD000000143272,preliminary,5.030678676,52.126654545,1.19,2016-08-26,2026-08-06,47,GLD000000143272_preliminary.csv
GLD000000143275,preliminary,5.059083842,52.126431317,2.98,2016-07-14,2026-08-10,47,GLD000000143275_preliminary.csv
GLD000000143278,preliminary,4.953075034,52.147822198,1.05,2016-07-14,2026-08-03,48,GLD000000143278_preliminary.csv
GLD000000143279,preliminary,5.034948271,52.138945066,2.27,2016-07-14,2026-08-10,49,GLD000000143279_preliminary.csv
GLD000000143280,preliminary,5.0682196,52.143632545,2.66,2020-03-09,2026-08-06,48,GLD000000143280_preliminary.csv
GLD000000143283,preliminary,5.041633158,52.139629939,0.1,2024-02-26,2026-08-10,42,GLD000000143283_preliminary.csv
GLD000000143285,preliminary,5.017913083,52.130462196,1.51,2016-07-14,2026-08-06,46,GLD000000143285_preliminary.csv
GLD000000143287,preliminary,5.041183987,52.148589714,2.13,2016-07-14,2026-08-10,47,GLD000000143287_preliminary.csv
GLD000000143288,preliminary,4.949221282,52.148967422,2.12,2016-09-05,2026-08-03,45,GLD000000143288_preliminary.csv
GLD000000143289,preliminary,5.067505381,52.127065609,2.05,2019-11-27,2026-08-10,48,GLD000000143289_preliminary.csv
GLD000000143332,preliminary,5.050382461,52.143591994,2.5,2016-07-14,2026-08-10,49,GLD000000143332_preliminary.csv
GLD000000143337,preliminary,5.079426926,52.139051417,1.7,2020-03-09,2026-08-06,47,GLD000000143337_preliminary.csv
GLD000000143338,preliminary,4.950916041,52.151966724,2.56,2016-07-14,2026-08-03,46,GLD000000143338_preliminary.csv
GLD000000143339,preliminary,5.056664813,52.135619364,2.45,2016-07-14,2026-08-10,49,GLD000000143339_preliminary.csv
GLD000000143340,preliminary,4.949227736,52.146819297,1.32,2016-07-14,2026-08-03,51,GLD000000143340_preliminary.csv
GLD000000143343,preliminary,5.039999279,52.144991015,2.94,2024-02-27,2026-08-19,48,GLD000000143343_preliminary.csv
GLD000000143346,preliminary,4.947639878,52.043904403,1.0,2025-05-12,2026-08-14,43,GLD000000143346_preliminary.csv
GLD000000143347,preliminary,4.95158155,52.045334327,1.39,2025-05-12,2026-08-14,77,GLD000000143347_preliminary.csv
GLD000000143349,preliminary,4.95582395,52.036836557,1.19,2025-05-12,2026-08-14,63,GLD000000143349_preliminary.csv
GLD000000143351,preliminary,4.948300754,52.039951146,2.0,2025-05-12,2026-08-14,198,GLD000000143351_preliminary.csv
GLD000000143353,preliminary,4.954762558,52.045992657,0.97,2025-05-12,2026-08-13,161,GLD000000143353_preliminary.csv
GLD000000143356,preliminary,4.956262173,52.044273671,1.3,2025-05-12,2026-08-14,99,GLD000000143356_preliminary.csv
GLD000000149686,preliminary,5.101591249,52.07421292,2.5,2021-04-22,2026-06-01,7,GLD000000149686_preliminary.csv
GLD000000149687,preliminary,5.092685159,52.096351593,1.35,2023-12-08,2026-06-01,5,GLD000000149687_preliminary.csv
GLD000000149688,preliminary,5.092749049,52.09684394,2.2,2023-12-08,2026-06-01,4,GLD000000149688_preliminary.csv
GLD000000149689,preliminary,5.067976471,52.080436158,1.0,2025-02-11,2026-06-01,2,GLD000000149689_preliminary.csv
GLD000000149690,preliminary,5.100372719,52.075055564,4.0,2021-04-22,2026-06-01,7,GLD000000149690_preliminary.csv
GLD000000149691,preliminary,5.092724908,52.096409755,1.27,2023-12-08,2026-06-01,5,GLD000000149691_preliminary.csv
GLD000000149692,preliminary,5.116132915,52.072407084,1.7,2023-12-11,2026-06-01,5,GLD000000149692_preliminary.csv
GLD000000149693,preliminary,5.109558143,52.084594633,5.0,2021-04-22,2026-06-01,7,GLD000000149693_preliminary.csv
GLD000000149694,preliminary,5.116162842,52.072450925,1.6,2023-12-11,2026-06-01,5,GLD000000149694_preliminary.csv
GLD000000149695,preliminary,5.130296822,52.115468242,2.0,2025-04-07,2026-06-01,2,GLD000000149695_preliminary.csv
GLD000000149706,preliminary,5.10059993,52.075723391,4.0,2021-04-22,2026-06-01,7,GLD000000149706_preliminary.csv
GLD000000149707,preliminary,5.111885587,52.081729116,3.7,2021-05-27,2026-06-01,7,GLD000000149707_preliminary.csv
GLD000000149708,preliminary,5.135336218,52.103760435,2.0,2023-07-06,2026-06-01,5,GLD000000149708_preliminary.csv
GLD000000149726,preliminary,5.130657718,52.115953125,2.8,2025-04-07,2026-06-01,2,GLD000000149726_preliminary.csv
GLD000000149727,preliminary,5.14390993,52.09223915,0.42,2022-03-29,2026-06-01,4,GLD000000149727_preliminary.csv
GLD000000149728,preliminary,5.10435129,52.07556805,5.08,2021-05-04,2026-06-01,6,GLD000000149728_preliminary.csv
GLD000000149729,preliminary,5.100531205,52.076319044,3.0,2021-04-22,2026-06-01,7,GLD000000149729_preliminary.csv
GLD000000149730,preliminary,5.009391255,52.10527684,0.24,2022-03-28,2026-06-01,6,GLD000000149730_preliminary.csv
GLD000000149731,preliminary,5.103077472,52.072184754,1.4,2023-12-14,2026-05-28,5,GLD000000149731_preliminary.csv
GLD000000149732,preliminary,5.110335463,52.083440684,3.7,2021-04-22,2026-06-01,6,GLD000000149732_preliminary.csv
GLD000000149733,preliminary,5.125975527,52.07136051,1.2,2023-11-06,2026-06-01,5,GLD000000149733_preliminary.csv
GLD000000149734,preliminary,5.068028483,52.080425333,0.6,2025-02-11,2026-06-01,2,GLD000000149734_preliminary.csv
GLD000000149735,preliminary,5.103097633,52.072294367,1.2,2023-12-11,2026-06-01,5,GLD000000149735_preliminary.csv
GLD000000002517,fully_assessed,4.95232424,52.11688243,1.09,2003-06-12,2025-05-20,43,GLD000000002517_fully_assessed.csv
GLD000000014780,fully_assessed,5.193892478,52.064100285,3.09,2016-09-09,2026-09-05,1813,GLD000000014780_fully_assessed.csv
GLD000000014784,preliminary,5.207051392,52.066440073,6.9,2016-09-09,2026-09-11,356,GLD000000014784_preliminary.csv
GLD000000143350,preliminary,4.954067013,52.049977635,2.5,2025-05-12,2026-09-11,207,GLD000000143350_preliminary.csv
GLD000000014663,fully_assessed,5.161909919,52.026895777,4.07,2012-06-21,2026-09-13,1877,GLD000000014663_fully_assessed.csv
GLD000000014667,fully_assessed,5.146369092,52.033884741,2.08,2012-06-21,2026-09-13,1902,GLD000000014667_fully_assessed.csv
GLD000000014671,fully_assessed,5.174762856,52.020421261,2.02,2012-06-20,2026-09-13,1792,GLD000000014671_fully_assessed.csv
GLD000000014674,fully_assessed,5.181739235,52.024037885,2.16,2012-06-20,2026-09-13,1886,GLD000000014674_fully_assessed.csv
GLD000000014679,fully_assessed,5.197125718,52.020423557,2.07,2012-06-20,2026-09-13,1911,GLD000000014679_fully_assessed.csv
GLD000000014777,fully_assessed,5.242607714,52.02083881,2.76,2020-08-12,2026-09-13,1856,GLD000000014777_fully_assessed.csv
GLD000000014778,fully_assessed,5.194541112,52.072639968,3.1,2016-08-25,2026-09-13,1883,GLD000000014778_fully_assessed.csv
GLD000000014779,fully_assessed,5.19701879,52.069650986,3.2,2016-08-25,2026-09-13,1879,GLD000000014779_fully_assessed.csv
GLD000000014781,fully_assessed,5.193892478,52.064100285,7.12,2016-12-16,2026-09-13,1874,GLD000000014781_fully_assessed.csv
GLD000000014782,fully_assessed,5.188796563,52.065565846,3.71,2016-08-25,2026-09-13,1863,GLD000000014782_fully_assessed.csv
GLD000000014785,fully_assessed,5.187559142,52.068350042,2.68,2016-08-25,2026-09-13,1859,GLD000000014785_fully_assessed.csv
GLD000000014786,fully_assessed,5.188916352,52.071444214,2.65,2016-08-25,2026-09-13,1859,GLD000000014786_fully_assessed.csv
GLD000000014787,fully_assessed,5.192450809,52.070335598,2.72,2016-08-25,2026-09-11,1440,GLD000000014787_fully_assessed.csv
GLD000000014789,fully_assessed,5.202962443,52.064240663,2.61,2016-08-25,2026-09-13,1850,GLD000000014789_fully_assessed.csv
GLD000000014790,preliminary,5.207051392,52.066440073,2.82,2016-09-09,2026-09-13,436,GLD000000014790_preliminary.csv
GLD000000014791,fully_assessed,5.210847755,52.065268394,2.66,2016-09-09,2026-09-13,1830,GLD000000014791_fully_assessed.csv
GLD000000014792,fully_assessed,5.208902561,52.063018456,2.96,2016-08-25,2026-09-13,1883,GLD000000014792_fully_assessed.csv
GLD000000014793,fully_assessed,5.24606195,52.02501349,2.91,2020-02-28,2026-09-13,1880,GLD000000014793_fully_assessed.csv
GLD000000014794,fully_assessed,5.239623096,52.024664042,0.95,2020-02-28,2026-09-13,1879,GLD000000014794_fully_assessed.csv
GLD000000014795,fully_assessed,5.197605638,52.06539161,3.22,2016-08-25,2026-09-13,1626,GLD000000014795_fully_assessed.csv
GLD000000014796,fully_assessed,5.243781574,52.022781681,1.04,2020-02-28,2026-09-13,1845,GLD000000014796_fully_assessed.csv
GLD000000014798,fully_assessed,5.242156519,52.020703433,2.15,2020-02-28,2026-09-13,1882,GLD000000014798_fully_assessed.csv
GLD000000014799,fully_assessed,5.241155139,52.023991847,1.21,2020-02-28,2026-09-13,1880,GLD000000014799_fully_assessed.csv
GLD000000014800,fully_assessed,5.241272428,52.023767289,1.08,2020-02-28,2026-09-13,1876,GLD000000014800_fully_assessed.csv
GLD000000025623,fully_assessed,5.123041966,52.149349522,2.88,2012-06-11,2026-09-13,1909,GLD000000025623_fully_assessed.csv
GLD000000025624,fully_assessed,5.149154485,52.124040692,2.7,2012-06-12,2026-09-13,1854,GLD000000025624_fully_assessed.csv
GLD000000025626,fully_assessed,5.177527919,52.151885687,3.48,2012-06-11,2026-09-13,1913,GLD000000025626_fully_assessed.csv
GLD000000025627,fully_assessed,5.169423445,52.153875344,3.72,2012-06-11,2026-09-13,1907,GLD000000025627_fully_assessed.csv
GLD000000025629,fully_assessed,5.157999394,52.124849147,2.26,2012-06-12,2026-09-13,1904,GLD000000025629_fully_assessed.csv
GLD000000025631,fully_assessed,5.177556161,52.155211321,2.19,2012-06-11,2026-09-13,1915,GLD000000025631_fully_assessed.csv
GLD000000025632,fully_assessed,5.169591395,52.158396648,2.02,2012-10-18,2026-09-13,1914,GLD000000025632_fully_assessed.csv
GLD000000025633,fully_assessed,5.183094071,52.110442382,2.63,2012-06-12,2026-09-13,1906,GLD000000025633_fully_assessed.csv
GLD000000025635,fully_assessed,5.177989211,52.112617537,2.68,2012-06-12,2026-09-13,1902,GLD000000025635_fully_assessed.csv
GLD000000025636,fully_assessed,5.179915371,52.119110343,2.82,2012-06-12,2026-09-13,1909,GLD000000025636_fully_assessed.csv
GLD000000025637,fully_assessed,5.195302586,52.122992288,2.87,2012-06-12,2026-09-11,1911,GLD000000025637_fully_assessed.csv
GLD000000025638,fully_assessed,5.189682469,52.129229732,2.75,2012-06-12,2026-09-13,1913,GLD000000025638_fully_assessed.csv
GLD000000025639,fully_assessed,5.181463233,52.115895318,2.93,2012-06-12,2026-09-13,1894,GLD000000025639_fully_assessed.csv
GLD000000025640,fully_assessed,5.197401378,52.120470035,4.07,2013-11-19,2026-09-13,1872,GLD000000025640_fully_assessed.csv
GLD000000025643,fully_assessed,5.21428133,52.127803342,3.6,2012-06-11,2026-09-13,1894,GLD000000025643_fully_assessed.csv
GLD000000025644,fully_assessed,5.215045938,52.13404219,4.81,2012-06-11,2026-09-13,1909,GLD000000025644_fully_assessed.csv
GLD000000025645,fully_assessed,5.171578969,52.10685363,2.34,2020-06-03,2026-09-13,1903,GLD000000025645_fully_assessed.csv
GLD000000025646,fully_assessed,5.176118303,52.041959177,2.27,2012-06-11,2026-09-13,1744,GLD000000025646_fully_assessed.csv
GLD000000026751,fully_assessed,4.989837237,52.15409951,2.16,2012-10-30,2026-09-13,1893,GLD000000026751_fully_assessed.csv
GLD000000026755,fully_assessed,4.97971045,52.075634782,1.94,2012-10-31,2026-09-13,1897,GLD000000026755_fully_assessed.csv
GLD000000026756,fully_assessed,4.990983685,52.100615267,1.86,2012-10-31,2026-09-13,1896,GLD000000026756_fully_assessed.csv
GLD000000026764,fully_assessed,4.986514432,52.131941684,2.03,2012-10-31,2026-09-13,1906,GLD000000026764_fully_assessed.csv
GLD000000026766,fully_assessed,5.147354904,52.051179822,1.07,2012-10-30,2026-09-13,1897,GLD000000026766_fully_assessed.csv
GLD000000026767,fully_assessed,5.204650796,52.082920404,3.71,2012-10-30,2026-09-13,1858,GLD000000026767_fully_assessed.csv
GLD000000026768,fully_assessed,5.240564392,52.066504613,3.14,2012-10-30,2026-09-13,1900,GLD000000026768_fully_assessed.csv
GLD000000026769,fully_assessed,5.063504988,52.044220401,2.19,2012-11-01,2026-09-13,1897,GLD000000026769_fully_assessed.csv
GLD000000025621,fully_assessed,5.125005099,52.150935798,2.35,2012-06-11,2026-09-13,1779,GLD000000025621_fully_assessed.csv
GLD000000025641,fully_assessed,5.206658389,52.14224474,3.21,2015-11-17,2026-09-13,1894,GLD000000025641_fully_assessed.csv
GLD000000025642,fully_assessed,5.206658724,52.134919455,3.17,2020-06-03,2026-09-13,1900,GLD000000025642_fully_assessed.csv
GLD000000025634,fully_assessed,5.179818756,52.102149663,2.48,2012-06-12,2026-09-13,1905,GLD000000025634_fully_assessed.csv
GLD000000070987,fully_assessed,5.056378912,52.026215311,2.11,2015-07-07,2026-09-13,1841,GLD000000070987_fully_assessed.csv
GLD000000070990,fully_assessed,5.029892245,52.024052689,1.74,2015-07-07,2026-09-13,1831,GLD000000070990_fully_assessed.csv
GLD000000070991,fully_assessed,5.040262432,52.024515125,2.05,2015-07-07,2026-09-13,1818,GLD000000070991_fully_assessed.csv
GLD000000070993,fully_assessed,5.042736156,52.028719866,2.89,2015-07-07,2026-09-13,1838,GLD000000070993_fully_assessed.csv
GLD000000071048,fully_assessed,5.048886824,52.024657055,2.72,2022-05-16,2026-09-13,1336,GLD000000071048_fully_assessed.csv
GLD000000071050,fully_assessed,5.034517507,52.026915887,2.8,2022-05-16,2026-09-13,1332,GLD000000071050_fully_assessed.csv
GLD000000071052,fully_assessed,5.039979657,52.021521222,3.13,2022-05-16,2026-09-13,1334,GLD000000071052_fully_assessed.csv
GLD000000071054,fully_assessed,5.055546138,52.022581744,2.46,2022-05-16,2026-09-13,1340,GLD000000071054_fully_assessed.csv
GLD000000071056,fully_assessed,5.03369628,52.022041822,2.1,2022-05-16,2026-09-13,1332,GLD000000071056_fully_assessed.csv
GLD000000071059,fully_assessed,5.04714537,52.03142014,2.2,2022-05-16,2026-09-13,1336,GLD000000071059_fully_assessed.csv
GLD000000096080,preliminary,5.241913486,52.089979603,2.96,2024-09-13,2026-09-13,233,GLD000000096080_preliminary.csv
GLD000000096081,preliminary,5.237759508,52.087216951,2.96,2024-09-13,2026-09-13,212,GLD000000096081_preliminary.csv
GLD000000096082,preliminary,5.22321332,52.077175549,2.01,2023-12-29,2026-09-13,234,GLD000000096082_preliminary.csv
GLD000000096083,preliminary,5.228071013,52.080614933,2.07,2023-12-29,2026-09-13,234,GLD000000096083_preliminary.csv
GLD000000096084,preliminary,5.215643092,52.080888758,2.02,2023-12-29,2026-09-13,232,GLD000000096084_preliminary.csv
GLD000000096085,preliminary,5.215142076,52.093388491,2.05,2023-12-29,2026-09-13,235,GLD000000096085_preliminary.csv
GLD000000096086,preliminary,5.232833024,52.083671369,1.01,2023-12-29,2026-09-13,232,GLD000000096086_preliminary.csv
GLD000000096087,preliminary,5.208871102,52.084898219,1.04,2024-01-02,2026-09-13,237,GLD000000096087_preliminary.csv
GLD000000096088,preliminary,5.226136498,52.090659837,2.98,2024-09-13,2026-09-13,214,GLD000000096088_preliminary.csv
GLD000000096089,preliminary,5.218040987,52.098645032,2.97,2024-09-13,2026-09-13,234,GLD000000096089_preliminary.csv
GLD000000096094,preliminary,5.222427151,52.088566683,2.02,2023-12-29,2026-09-13,234,GLD000000096094_preliminary.csv
GLD000000096095,preliminary,5.24400763,52.083001438,3.01,2024-09-13,2026-09-13,223,GLD000000096095_preliminary.csv
GLD000000096096,preliminary,5.232897742,52.091942423,2.92,2024-09-13,2026-09-13,234,GLD000000096096_preliminary.csv
GLD000000096097,preliminary,5.215975547,52.08588694,1.99,2023-12-29,2026-09-13,238,GLD000000096097_preliminary.csv
GLD000000096098,preliminary,5.212671334,52.084021744,0.99,2024-01-02,2026-09-13,237,GLD000000096098_preliminary.csv
GLD000000096099,preliminary,5.226519463,52.101451314,2.88,2024-09-13,2026-09-13,234,GLD000000096099_preliminary.csv
GLD000000096100,preliminary,5.247918197,52.092954096,4.11,2024-09-13,2026-09-13,233,GLD000000096100_preliminary.csv
GLD000000096101,preliminary,5.231553731,52.095116035,3.02,2024-09-13,2026-09-13,222,GLD000000096101_preliminary.csv
GLD000000096103,preliminary,5.246403884,52.077527658,2.87,2024-09-13,2026-09-13,233,GLD000000096103_preliminary.csv
GLD000000136552,preliminary,5.126337503,52.148932255,2.14,2025-08-13,2026-09-13,350,GLD000000136552_preliminary.csv
GLD000000136553,preliminary,5.157777635,52.098324881,2.1,2025-08-13,2026-09-13,337,GLD000000136553_preliminary.csv
GLD000000143246,preliminary,5.24624834,52.08620433,1.9,2012-06-12,2026-09-13,240,GLD000000143246_preliminary.csv
GLD000000143247,preliminary,5.22065632,52.07862989,1.97,2012-06-12,2026-09-13,240,GLD000000143247_preliminary.csv
GLD000000143248,preliminary,5.23554097,52.07277188,1.46,2012-04-18,2026-09-13,240,GLD000000143248_preliminary.csv
GLD000000143249,preliminary,5.24337352,52.09546751,4.86,2012-06-12,2026-09-13,240,GLD000000143249_preliminary.csv
GLD000000143251,preliminary,5.23787697,52.09395066,4.01,2012-06-12,2026-09-13,217,GLD000000143251_preliminary.csv
GLD000000143274,preliminary,5.043933062,52.133075362,2.01,2024-02-26,2026-09-13,61,GLD000000143274_preliminary.csv
GLD000000143293,preliminary,5.041633228,52.139620951,3.38,2016-08-26,2026-09-13,236,GLD000000143293_preliminary.csv
GLD000000143328,preliminary,5.012284852,52.132853258,3.51,2024-02-26,2026-09-13,77,GLD000000143328_preliminary.csv
GLD000000143342,preliminary,4.954985787,52.149662776,3.3,2016-07-14,2026-09-13,164,GLD000000143342_preliminary.csv
GLD000000143352,preliminary,4.951419694,52.048783858,2.97,2025-05-12,2026-09-13,200,GLD000000143352_preliminary.csv
GLD000000026754,fully_assessed,4.950677842,52.118026817,2.15,2012-10-31,2026-09-13,1901,GLD000000026754_fully_assessed.csv
GLD000000026763,fully_assessed,4.930305692,52.102732774,1.69,2012-10-31,2026-09-13,1894,GLD000000026763_fully_assessed.csv
GLD000000026775,fully_assessed,5.215003667,52.023641875,2.31,2012-10-30,2026-09-13,1895,GLD000000026775_fully_assessed.csv
GLD000000013130,preliminary,4.981567025,52.156185758,1.19,2021-09-15,2026-09-01,931,GLD000000013130_preliminary.csv
GLD000000013132,preliminary,4.969993752,52.153813211,1.18,2021-08-06,2026-09-01,1049,GLD000000013132_preliminary.csv
GLD000000013138,preliminary,4.968356158,52.154675289,1.24,2021-08-05,2026-09-01,1050,GLD000000013138_preliminary.csv
GLD000000013139,preliminary,4.966920988,52.150203061,1.2,2021-08-05,2026-09-01,683,GLD000000013139_preliminary.csv
GLD000000013146,preliminary,4.979884583,52.157845764,1.2,2022-01-01,2026-09-01,1078,GLD000000013146_preliminary.csv
GLD000000042788,preliminary,4.987143752,52.15934779,4.45,2023-01-01,2026-09-01,1140,GLD000000042788_preliminary.csv
GLD000000042789,preliminary,4.98841828,52.15797028,4.67,2023-01-01,2026-09-01,1239,GLD000000042789_preliminary.csv
GLD000000042790,preliminary,4.967484175,52.154135129,7.28,2023-01-01,2026-09-01,1143,GLD000000042790_preliminary.csv
GLD000000042791,preliminary,4.982282078,52.154724032,4.83,2023-01-01,2026-09-01,1141,GLD000000042791_preliminary.csv
GLD000000042792,preliminary,4.978450434,52.159647242,4.78,2023-01-01,2026-09-01,1147,GLD000000042792_preliminary.csv
GLD000000042793,preliminary,4.974508162,52.151580054,4.73,2023-01-01,2026-09-01,725,GLD000000042793_preliminary.csv
GLD000000042794,preliminary,4.956753638,52.155565674,4.43,2023-01-01,2026-09-01,1142,GLD000000042794_preliminary.csv
GLD000000042803,preliminary,4.93291319,52.15926903,1.2,2023-07-20,2026-09-01,1128,GLD000000042803_preliminary.csv
GLD000000042804,preliminary,4.932153744,52.15839044,1.34,2023-07-23,2026-09-01,1129,GLD000000042804_preliminary.csv
GLD000000042812,preliminary,4.959637537,52.155951326,1.36,2023-04-19,2026-09-01,1081,GLD000000042812_preliminary.csv
GLD000000042816,preliminary,4.960339899,52.152945017,1.12,2023-04-18,2026-09-01,1000,GLD000000042816_preliminary.csv
GLD000000042817,preliminary,4.971201127,52.159719645,1.19,2023-11-23,2026-09-01,868,GLD000000042817_preliminary.csv
GLD000000042818,preliminary,4.984154006,52.155608211,0.29,2023-01-01,2026-09-01,1027,GLD000000042818_preliminary.csv
GLD000000042819,preliminary,4.959209006,52.156704679,1.41,2023-04-18,2026-09-01,997,GLD000000042819_preliminary.csv
GLD000000042820,preliminary,4.966369315,52.154614771,1.15,2023-04-19,2026-09-01,797,GLD000000042820_preliminary.csv
GLD000000042821,preliminary,4.97746222,52.149697244,1.41,2023-05-09,2026-09-01,1021,GLD000000042821_preliminary.csv
GLD000000050178,preliminary,5.009149511,52.145784158,1.18,2024-02-28,2026-09-01,151,GLD000000050178_preliminary.csv
GLD000000050179,preliminary,5.009149511,52.145784158,4.43,2024-02-28,2026-09-01,151,GLD000000050179_preliminary.csv
GLD000000057555,preliminary,5.006763777,52.147977389,1.19,2024-06-18,2026-09-01,151,GLD000000057555_preliminary.csv
GLD000000057556,preliminary,5.006763777,52.147977389,5.18,2024-06-18,2026-09-01,151,GLD000000057556_preliminary.csv
GLD000000067420,fully_assessed,4.98430618,52.02661553,1.18,2003-04-15,2026-09-01,156,GLD000000067420_fully_assessed.csv
GLD000000067431,fully_assessed,4.98513446,52.02167033,1.2,2004-04-16,2026-09-01,155,GLD000000067431_fully_assessed.csv
GLD000000067440,fully_assessed,4.988999129,52.027467379,1.18,2003-04-15,2026-09-01,157,GLD000000067440_fully_assessed.csv
GLD000000067470,fully_assessed,4.99403891,52.02767128,1.22,2003-04-15,2026-09-01,157,GLD000000067470_fully_assessed.csv
GLD000000081871,preliminary,4.993693587,52.02319128,2.23,2008-01-18,2026-09-01,159,GLD000000081871_preliminary.csv
GLD000000138546,preliminary,4.938503367,52.143722401,1.1,2025-12-12,2026-09-01,150,GLD000000138546_preliminary.csv
GLD000000138547,preliminary,4.940385726,52.142305462,1.14,2025-12-12,2026-09-01,150,GLD000000138547_preliminary.csv
GLD000000081851,preliminary,4.979648341,52.024806334,2.27,2006-10-27,2026-09-01,153,GLD000000081851_preliminary.csv
GLD000000081852,preliminary,4.988640414,52.024549486,2.14,2008-01-18,2026-09-01,159,GLD000000081852_preliminary.csv
GLD000000081853,preliminary,4.988156013,52.023316457,2.0,2006-10-18,2026-09-01,153,GLD000000081853_preliminary.csv
GLD000000081872,preliminary,4.982562688,52.024771442,2.16,2009-03-15,2026-09-01,162,GLD000000081872_preliminary.csv
GLD000000081874,preliminary,4.98345313,52.026203627,2.15,2009-09-30,2026-09-01,162,GLD000000081874_preliminary.csv
